inputQuery,id,type,caption,hashtags,likesCount,commentsCount,timestamp,url
gyeongju,3940353295588696524,Sidecar,"진짜 여름 ☼ 𓂃𓈒𓏸 🌿

𖧷 ˚₊‧

#경주카페 #병과점아시 

#경주여행 #대릉원 #gyeongju","['경주카페', '병과점아시', '경주여행', '대릉원', 'gyeongju']",27.0,4,2026-07-13T12:45:38.000Z,https://www.instagram.com/p/Dau8nIJGqHM/
gyeongju,3940350309838799254,Video,#경주여행 #대릉원 #gyeongju,"['경주여행', '대릉원', 'gyeongju']",,0,2026-07-13T12:45:36.000Z,https://www.instagram.com/p/Dau77rcisGW/
gyeongju,3940336932996005147,Sidecar,"🐾 | bongsik

봉식이랑 함께한 경주 여행에서
가장 오래 기억에 남은 곳.🤍

바로 경주 애견동반 숙소 ’희동댁‘이었어요.

여행을 다녀오면 꼭 한 곳 정도는
’다음에도 또 와야겠다.‘ 싶은 곳이 생기잖아요.
희동댁이 저희한테는 딱 그런 곳이었어요.

빈티지한 분위기에 예쁜 정원까지.
숙소에 들어가자마자
괜히 마음이 편안해지더라고요.

봉식이도 여기저기 천천히 냄새 맡고,
정원에서 여유롭게 쉬는 모습이 너무 좋아 보여서
저희도 같이 쉬어가는 기분이었어요.🐾

여행 다니다 보면
잠만 자고 나오는 숙소도 많은데,
여기는 조금 더 머물고 싶고,
아침에도 천천히 커피 한 잔 마시고 싶었던 곳이었어요.

작년부터 가보고 싶었던 곳이었는데
덕분에 이번 경주 여행이
더 좋은 기억으로 남은 것 같아요.🤍

경주에서 조용하고 감성적인
애견동반 숙소를 찾고 계신다면
한 번 들러보셔도 좋을 것 같습니다.☺️

#경주애견동반 
#애견동반숙소 
#희동댁 
#반려견여행 
#강아지여행","['경주애견동반', '애견동반숙소', '희동댁', '반려견여행', '강아지여행']",15.0,9,2026-07-13T12:13:08.000Z,https://www.instagram.com/p/Dau45BSlD0b/
gyeongju,3940332667380401792,Sidecar,"최근 경주에 새로 생긴 공간부터 더 예쁘게 돌아온 곳들 다녀온 곳들로 모아 봤습니다. 
저장 공유하시고 경주 여행에 조금이나마 도움되시길 바라요!🤍

#경주 #경주카페 #경주신상카페#경주여행 #경주신상카페추천 

아차차
차가 낯선 분들도 가볍게 즐길 수 있는 티카페! 리뉴얼 후 훨씬 더 예쁘고 감성 가득한 공간으로 돌아왔어요.🍸✨

#아차차 #경주티카페 #티카페 #경주찻집 

무드밋
황오동에 가장 최근에 생긴 신상카페.
잔을 얼려서 주는 시그니처 ’무드밋라떼‘와 상큼한 소르베는 필수 주문!🍧 

#무드밋 #황오동카페 #황오동 

다향한빙수집 
경주에서 만나는 일본 감성 빙수 맛집.🍧
1인 빙수도 준비되어 있어서 부담 없이 다양한 맛을 골라 즐기기 좋아요.

#다향한빙수집 #금리단길카페 #경주빙수맛집 #토마토빙수 

이어커피 
(구) 릿카페가 황성동으로 이전! 
전보다 다양해진 디저트 라인업을 만나보세요.

#이어커피 #황성동카페 #경주신상카페 

후 (소품샵)🕯️
황오동에 새로 오픈한 아기자기한 양초 공방. 
작지만 깔끔한 공간에 예쁜 티코스터가 자꾸 눈에 아른거리는••🤍

#후 #경주소품샵","['경주', '경주카페', '경주신상카페', '경주여행', '경주신상카페추천', '아차차', '경주티카페', '티카페', '경주찻집', '무드밋', '황오동카페', '황오동', '다향한빙수집', '금리단길카페', '경주빙수맛집', '토마토빙수', '이어커피', '황성동카페', '후', '경주소품샵']",-1.0,10,2026-07-13T12:04:39.000Z,https://www.instagram.com/p/Dau368oE4aA/
gyeongju,3940323691518825957,Sidecar,폭염경주의보 🥵☀️,[],-1.0,2,2026-07-13T11:46:49.000Z,https://www.instagram.com/p/Dau14VNCRXl/
gyeongju,3940319909573647187,Sidecar,"2026.01 경주 10: 한옥과 고양이🐱

#경주 #경주한옥 #고양이 #gyeongju #hanok","['경주', '경주한옥', '고양이', 'gyeongju', 'hanok']",25.0,1,2026-07-13T11:39:18.000Z,https://www.instagram.com/p/Dau1BS_iVtT/
gyeongju,3940277579190732528,Sidecar,"Gyeongju – koreańskie muzeum pod gołym niebem! Tutaj historia jest dosłownie na każdym kroku. 

#Gyeongju #SouthKorea #Korea #Travel #Podróże","['Gyeongju', 'SouthKorea', 'Korea', 'Travel', 'Podróże']",-1.0,0,2026-07-13T10:15:12.000Z,https://www.instagram.com/p/DaurZTwGYbw/
gyeongju,3940277305965353968,Sidecar,".
첨성대의 밤🌟

첨성대 야경 보러 갔다가
우연히 본 첨성대 미디어파사드예요.
첫번째 패턴 내 스타일♥️

⏰ 공연 시간: 8:30, 9:30

역사와 현대가 만나는 순간을 놓치지 마세요.

📍 경주 첨성대",[],-1.0,11,2026-07-13T10:14:40.000Z,https://www.instagram.com/p/DaurVVSmRvw/
gyeongju,3940255515725192294,Sidecar,"경주 월정교

#gyeongju #woljunggyo #경주 #월정교 #야경","['gyeongju', 'woljunggyo', '경주', '월정교', '야경']",-1.0,0,2026-07-13T09:31:22.000Z,https://www.instagram.com/p/DaumYPjEtxm/
gyeongju,3940239345359287222,Image,"Are you ready for next week? 
We’ll be in South Korea on Monday. 

Day 1: Seoul
Day 2: Incheon 
Day 3: Jeonju 
Day 4: Busan 
Day 5: Gyeongju 
Day 6: Daegu 
Day 7: Sokcho

#Seoul #Incheon #Jeonju #Busan #Gyeongju Daegu Sokcho southkorea","['Seoul', 'Incheon', 'Jeonju', 'Busan', 'Gyeongju']",0.0,0,2026-07-13T08:59:22.000Z,https://www.instagram.com/p/Dauis7uKHO2/
starfieldsuwon,3940115159449094665,Sidecar,"Il lusso di poter scegliere un vinile, appoggiare la puntina e lasciare che il tempo rallenti.

Da VINYL, alla Starfield di Suwon, funziona così: ordini qualcosa da bere, scegli fino a tre album dalla collezione e hai tutto il tempo che vuoi per ascoltarli sul tuo giradischi privato, seduto su comodi divanetti con vista su una delle librerie più iconiche della Corea.

Niente playlist infinite, notifiche o algoritmi. Solo musica, copertine da sfogliare e quel piccolo rito che rende ogni ascolto diverso dal precedente.

#SuwonHiddenGem #StarfieldSuwon #LifeInKorea #VinylLovers #한국카페추천","['SuwonHiddenGem', 'StarfieldSuwon', 'LifeInKorea', 'VinylLovers', '한국카페추천']",4.0,0,2026-07-13T04:52:30.000Z,https://www.instagram.com/p/DauGdylGEoJ/
starfieldsuwon,3937368734868302326,Sidecar,"🇰🇷 SEOUL – MỘT CHUYẾN ĐI VỚI NHỮNG TRẢI NGHIỆM KHÔNG THỂ BỎ LỠ ✨

Seoul luôn biết cách khiến du khách muốn quay lại. Không chỉ có đồ ăn ngon hay mua sắm thỏa thích, thành phố này còn là nơi hội tụ những điểm đến vừa hiện đại, vừa lãng mạn và đậm chất Hàn Quốc.

🌟 Starfield Suwon
Thư viện khổng lồ với thiết kế ấn tượng, thiên đường check-in dành cho những ai mê sách và kiến trúc hiện đại.

🌿 Đảo Nami
Tản bộ dưới những hàng cây xanh mát, tận hưởng không khí trong lành và khung cảnh nổi tiếng từng xuất hiện trong nhiều bộ phim Hàn Quốc.

🎢 Everland
Thỏa sức vui chơi tại công viên giải trí lớn nhất Hàn Quốc với hàng loạt trò chơi cảm giác mạnh, khu vườn rực rỡ sắc hoa và những màn diễu hành đầy màu sắc.

🎨 Hero Painter Show
Mãn nhãn với màn trình diễn kết hợp hội họa, âm nhạc, ánh sáng và hài kịch độc đáo – một tiết mục giải trí được rất nhiều du khách yêu thích khi đến Seoul.

💜 Chỉ với một hành trình, bạn sẽ được khám phá từ thiên nhiên, văn hóa đến những trải nghiệm giải trí đặc sắc của xứ sở kim chi.

💰 Giá tour chỉ từ: 13.900.000Đ

📩 Inbox Minh Phong Tour để nhận lịch khởi hành và ưu đãi mới nhất!
• Mr. Vũ Mạnh Đức: 0917619401
• Ms. Kiều Chinh: 0989450158
• Ms. Yến: 0973661314
_____________________________________
𝐂𝐨̂𝐧𝐠 𝐭𝐲 𝐓𝐍𝐇𝐇 𝐓𝐮̛ 𝐯𝐚̂́𝐧 𝐯𝐚̀ 𝐃𝐢̣𝐜𝐡 𝐯𝐮̣ 𝐌𝐢𝐧𝐡 𝐏𝐡𝐨𝐧𝐠 𝐓𝐨𝐮𝐫
Địa chỉ: Tầng 21 - Capital Tower, 109 Trần Hưng Đạo, Cửa Nam, Hà Nội, Việt Nam
Hotline: 077 846 6599
Email: booking@minhphongtour.vn
Website: https://minhphongtour.vn/
Instagram: https://www.instagram.com/minhphongtour…
Tiktok: https://www.tiktok.com/@tourminhphong?_t=ZS-8vGoR1XHJRJ&_r=1
#MinhPhongTour #Seoul #DuLichHanQuoc #DaoNami #Everland #StarfieldSuwon #HeroPainterShow #KoreaTravel","['MinhPhongTour', 'Seoul', 'DuLichHanQuoc', 'DaoNami', 'Everland', 'StarfieldSuwon', 'HeroPainterShow', 'KoreaTravel']",0.0,0,2026-07-09T09:55:51.000Z,https://www.instagram.com/p/DakWADXjen2/
starfieldsuwon,3933635232784129716,Sidecar,"Starfield Library Suwon, from 4 to 8 floor ✨️📚📚📚",[],137.0,8,2026-07-04T06:18:03.000Z,https://www.instagram.com/p/DaXFGcmDx60/
starfieldsuwon,3931709869837077405,Sidecar,"Losing a little more hair than usual lately? 🌿 It might not be your shampoo — it might be your scalp's hair cycle.

Meet Dr.Reju-All Advanced PDRN Hair Density Scalp Serum — a Korean pharmacy-exclusive scalp serum, certified for hair-loss symptom relief.

✔ SOYACT 2% — helps relieve hair-loss symptoms
✔ 99% salmon-derived PDRN + Exosome complex
✔ EGF peptide complex

Lightweight, non-sticky, with a gentle cooling finish.
In a 4-week clinical study* 👇
• 60.5% less hair shed after brushing
• 40.3% scalp-flaking improvement
• 23.0% scalp-soothing effect

Traveling in Korea? Come say hi 👋
📍 Suwon Starfield Pharmacy (B2) · 5 min from Hwaseo Stn, Exit 1
🕙 Open daily until 10 PM
🗣️ English support · 🛍️ Tax-free shopping
Your friendly Dad Pharmacist is here to help you find the right care. 💙
*Human application test, 22 Korean women (40–65), OATC Skin Clinical Center. Individual results may vary.",[],4.0,1,2026-07-01T14:32:42.000Z,https://www.instagram.com/p/DaQPUuniUud/
starfieldsuwon,3928798741481991599,Sidecar,"- Starfield Library, Suwon 
- Starfield Library, Coex Mall, Seoul

Which do you like better?

#starfieldsuwon #starfieldcoexmall #starfieldlibrary #starfield #seoul","['starfieldsuwon', 'starfieldcoexmall', 'starfieldlibrary', 'starfield', 'seoul']",24.0,0,2026-06-27T14:08:48.000Z,https://www.instagram.com/p/DaF5aPECS2v/
starfieldsuwon,3927068152560278863,Sidecar,"🎫티켓 오픈 : 6월 26일 14:00
https://www.cltoo.com
📅대회 일정 : 8월 30일 07:00 AM
📍장소 : 스타필드 수원
🏃경기 종목 : 10km / 6km (총 1000명)

🏃‍♀️🏃‍♂️쇼핑몰 오픈 전, 쇼핑몰 안에서 달리는 인도어레이스가 국내 최초 스타필드 수원에서 진행된다.

아직 상세 정보가 비밀이라
내일 26일 금요일 티켓이 오픈돼봐야 알겠지만

러닝을 사랑하는 사람이라면
cltoo.com 을 기억해두자!

💌 더 많은 정보는 @chois_post 팔로우하고 받아가세요 💕

🎫 Ticket Open: June 26th at 2:00 PM
🔗 cltoo.com

📅 Race Day: August 30th at 7:00 AM
📍 Starfield Suwon
🏃 Categories: 10km / 6km(Total 1,000 runners)

🏃‍♀️🏃‍♂️ Korea's first-ever indoor race — running through a shopping mall before it opens to the public! And it's happening right here at Starfield Suwon! 🛍️✨

Detailed information is still under wraps — all will be revealed when tickets drop tomorrow, Friday June 26th!

If you're a running enthusiast, make sure to bookmark cltoo.com right now! 🏅

💌 Follow @chois_post for more exciting events across Korea! 💕

#수원축제 #스타필드수원 #러닝 #suwon #starfieldsuwon","['수원축제', '스타필드수원', '러닝', 'suwon', 'starfieldsuwon']",3.0,0,2026-06-25T04:50:26.000Z,https://www.instagram.com/p/DZ_v62iGt1P/
koreanfoodtrip,3938006229926264710,Image,Convenience store lunch - hot foods including Korean fried chicken to a variety of microwavable instant options 🥟🍙🍢,[],8.0,5,2026-07-10T07:02:39.000Z,https://www.instagram.com/p/Damm806B7-G/
koreanfoodtrip,3938005793240488660,Image,Convenience store lunch - hot foods including Korean fried chicken to a variety of microwavable instant options 🥟🍙🍢,[],3.0,1,2026-07-10T07:01:43.000Z,https://www.instagram.com/p/Damm2eNh5rU/
koreanfoodtrip,3938003590870044620,Image,Convenience store lunch - hot foods including Korean fried chicken to a variety of microwavable instant options 🥟🍙🍢,[],1.0,1,2026-07-10T07:00:43.000Z,https://www.instagram.com/p/DammWbGBY_M/
koreanfoodtrip,3936965494641523414,Sidecar,"#협찬 안녕하세요, 언더불독입니다. 이번에 소개 드릴 곳은 청주 청원구 오창읍에 위치한 '하노이별 오창점' 입니다.

@hanoistar_kr

오창에서 베트남 음식 처음 먹는 사람 데려가도 실패 적은 집 찾았습니다.
게다가 쌀국수 + 덮밥을 13,500원에 같이 먹을 수 있는 조합​이라 더 좋았어요.

하노이별은 들어가자마자
베트남 호이안 올드타운 느낌의 감성적인 인테리어가 먼저 눈에 들어오는 곳이었어요.
가족 식사, 친구 모임, 데이트까지 두루 잘 어울리는 분위기였고,
무엇보다 매장 지하 주차장 무료 주차권을 제공해서 방문하기도 편했습니다.

이 집이 좋았던 건
단순히 쌀국수 한 그릇 맛있는 곳이 아니라
메뉴를 고르기 어려운 날에도 실패 확률이 낮다는 점이었습니다.

이번에 저는 양지 + 차돌박이 쌀국수 & 참숯 파인 돼지덮밥 세트를 주문했는데,
작은 사이즈 두 그릇 구성인데도 생각보다 양이 충분해서
가볍게 맛만 보는 느낌이 아니라 한 끼 식사로 꽤 만족감이 높았어요.

쌀국수는 25가지 천연 재료와 향신료, 한약재로 만든 육수​를 사용해서 그런지
국물이 진하면서도 부담 없이 들어가는 스타일이었습니다.
양지와 차돌박이가 같이 들어 있어 고기 맛도 잘 살아 있었고,
오창에서 쌀국수 맛집 찾는 분들께 무난하게 추천하기 좋겠더라고요.

참숯 파인 돼지덮밥은 쌀국수와는 또 다른 결의 만족감이 있었어요.
국물 있는 메뉴 하나, 밥 메뉴 하나로 같이 먹으니
둘이 방문했을 때 특히 좋은 구성이라는 생각이 들었습니다.

그리고 사이드로 주문한 세트 모듬 전식도 꽤 만족스러웠습니다.
15,000원에 스프링롤, 웨딩 쇼마이, 고구마네트, 가리비 네트, 버팔로 윙​까지 한 번에 즐길 수 있어서
하노이별의 에피타이저 메뉴를 다양하게 맛보고 싶은 분들께 정말 잘 맞는 메뉴였어요.

전체적으로 하노이별 오창점은 쌀국수, 덮밥, 전식까지
여러 스타일의 베트남 음식을 한 번에 즐길 수 있다는 점이 가장 큰 장점이었습니다.
메뉴 고르기 어려운 날, 오창에서 색다른 한 끼 찾는 날,
분위기까지 괜찮은 베트남 음식점 찾는 날 떠오를 만한 곳이었어요.

오창에서 쌀국수 맛집, 팟타이 맛집, 분짜 맛집 찾는 분들께
가볍게 추천드리고 싶습니다.

📍 위치
충북 청주시 청원구 오창읍 중심상업로 23 115호 (도로명), 
충북 청주시 청원구 오창읍 양청리 819-2 (지번)

🕓 영업시간
11:00-21:00 (매주 일 정기휴무)

📞 전화번호
043-217-7250

*본 게시물은 소정의 음식 비용을 제공 받아 작성되었습니다.*

#청주맛집 #오창맛집 #오창쌀국수 #오창베트남음식 #하노이별 #하노이별오창점 #오창점심맛집 #오창데이트 #오창호수공원맛집 #오창분짜 #오창팟타이 #청주이국적인맛집 #청주로컬맛집

#CheongjuFood #OsongFood #VietnameseFood #Pho #BunCha #PadThai #KoreanFoodTrip #CheongjuRestaurant #VisitKorea #FoodInKorea #CheongjuHotplace #VietnameseRestaurant","['협찬', '청주맛집', '오창맛집', '오창쌀국수', '오창베트남음식', '하노이별', '하노이별오창점', '오창점심맛집', '오창데이트', '오창호수공원맛집', '오창분짜', '오창팟타이', '청주이국적인맛집', '청주로컬맛집', 'CheongjuFood', 'OsongFood', 'VietnameseFood', 'Pho', 'BunCha', 'PadThai', 'KoreanFoodTrip', 'CheongjuRestaurant', 'VisitKorea', 'FoodInKorea', 'CheongjuHotplace', 'VietnameseRestaurant']",10.0,0,2026-07-08T20:34:41.000Z,https://www.instagram.com/p/Dai6UIpE_rW/
koreanfoodtrip,3930905234114547132,Sidecar,"3 things you need to try when you visit IU Korean Store! 🛒💖

Get your Korean food trip experience without the plane ride ✈️ From tasty finds to must-try favorites, feel the K-vibes every visit! 🇰🇷

Drop by today — we’re OPEN 24/7 at all our store branches! 🫶

#IUKoreanStore #KoreanConvenienceStore #KoreanFoodTrip #KoreanFoodPH #KoreanSnacks KStorePH KoreanCravings","['IUKoreanStore', 'KoreanConvenienceStore', 'KoreanFoodTrip', 'KoreanFoodPH', 'KoreanSnacks']",-1.0,0,2026-06-30T11:54:01.000Z,https://www.instagram.com/p/DaNYXvNHw28/
koreanfoodtrip,3930096855342569684,Sidecar,"#협찬 안녕하세요, 언더불독입니다. 이번에 소개 드릴 곳은 천안 동남구 신방동에 위치한 '롯데리아 천안신방점' 입니다.

lotteria_sinbang

천안 신방동에서 롯데리아 갈 일 있다면 여긴 한 번 저장해두셔도 좋겠습니다.
그냥 패스트푸드 느낌보다, 신메뉴 조합 제대로 즐기기 좋은 매장이었어요.

롯데리아 천안 신방점은 건물 뒤편에 주차장이 있어 자차 방문이 편했고,
주차하신 분들은 카운터에 말씀드리면 주차권 발급도 가능하다고 합니다.
매장도 넓고 깔끔해서 혼밥은 물론, 가볍게 앉아서 먹고 가기에도 부담 없는 분위기였어요.

무엇보다 좋았던 건 주문 편의성이었습니다.
키오스크 주문이 빠르고 편했고, 앉은 자리에서 QR코드로 lotte eatz 주문도 가능해서
생각보다 훨씬 편하게 이용할 수 있었습니다.
저도 이번에 lotte eatz 가입했는데 쿠폰이 꽤 있어서 할인받아 먹기 좋더라고요.
방문 전에 한 번 확인해보시면 좋겠습니다.

그리고 현재 네이버 영수증 리뷰 이벤트도 진행 중이라
캔콜라 1개 제공한다고 하니 참고하시면 좋을 것 같아요.

이번에 제가 먹은 메뉴는 나폴리 모짜렐라버거 발사믹 바질, 번트비프버거,
그리고 디저트로 리얼 말차 말차 아이스샷 토네이도 말차쿠키였습니다.

먼저 나폴리 모짜렐라버거 발사믹 바질은
작년에 나왔던 메뉴지만 지금도 롯데리아에서 꽤 손이 가는 메뉴라고 느껴졌어요.
모짜렐라 특유의 풍성한 식감과 발사믹 바질 조합이 더해져서
기존 패스트푸드 버거보다 조금 더 고급스럽게 느껴지는 맛이었습니다.

최근 콜라보 메뉴인 번트비프버거도 좋았습니다.
이 메뉴는 마지막에 브라운 버터 오일을 더해 먹는 방식인데,
확실히 그 한 번의 마무리 덕분에 맛이 조금 더 깊고 진하게 느껴졌어요.
익숙한 햄버거 맛에서 끝나는 게 아니라 한 단계 더 풍미를 올려주는 포인트가 있어서
신메뉴 좋아하시는 분들이라면 한 번쯤 먹어볼 만했습니다.

저는 세트로 주문해서 치즈스틱, 양념감자, 음료까지 같이 먹었는데
구성 자체가 꽤 든든해서 한 끼 식사로 충분히 만족스러웠습니다.

그리고 마지막으로 주문한
리얼 말차 말차 아이스샷 토네이도 말차쿠키도 인상적이었어요.
롯데리아 토네이도는 원래도 인기 있는 디저트인데,
여기에 말차의 달콤쌉싸름한 맛이 더해지니까
식사 후 마무리 디저트로 꽤 잘 어울리더라고요.

전체적으로 롯데리아 천안 신방점은 단순히 햄버거만 빠르게 먹고 나오는 곳보다
신메뉴 조합, 할인 쿠폰, 디저트까지 알차게 즐기기 좋은 매장이라는 느낌이 강했습니다.
천안 신방동에서 롯데리아 들를 일 있다면 이 조합 한 번 저장해두셔도 좋겠습니다.

천안 맛집, 신방동 맛집, 가볍게 들르기 좋은 로컬 맛집 계속 올릴 예정이니 팔로우도 부탁드립니다 :)

📍 위치
충남 천안시 동남구 서부대로 268 (도로명), 
충남 천안시 동남구 신방동 886-8 (지번)

🕓 영업시간
09:00-22:00 (21:50 라스트 오더)

📞 전화번호
043-577-5720

*본 게시물은 소정의 음식 비용을 제공 받아 작성되었습니다.*

#천안맛집 #신방동맛집 #천안버거맛집 #롯데리아 #롯데리아천안신방점 #천안롯데리아 #천안신메뉴 #천안점심맛집 #천안가성비맛집 #천안패스트푸드 #신방동점심 #천안디저트 #천안양념감자 #천안로컬맛집

#CheonanFood #CheonanBurger #Lotteria #KoreanBurger #KoreaFastFood #CheonanRestaurant #KoreanFoodTrip #FoodInKorea #CheonanEats #KoreaTravelFood #BurgerLovers #KoreanDessert #VisitKorea #CheonanHotplace","['협찬', '천안맛집', '신방동맛집', '천안버거맛집', '롯데리아', '롯데리아천안신방점', '천안롯데리아', '천안신메뉴', '천안점심맛집', '천안가성비맛집', '천안패스트푸드', '신방동점심', '천안디저트', '천안양념감자', '천안로컬맛집', 'CheonanFood', 'CheonanBurger', 'Lotteria', 'KoreanBurger', 'KoreaFastFood', 'CheonanRestaurant', 'KoreanFoodTrip', 'FoodInKorea', 'CheonanEats', 'KoreaTravelFood', 'BurgerLovers', 'KoreanDessert', 'VisitKorea', 'CheonanHotplace']",10.0,2,2026-06-29T09:07:55.000Z,https://www.instagram.com/p/DaKgkRzktjU/
koreanfoodtrip,3929764223962045330,Image,"Kimchi Jjigae ❤️

#koreanfood #koreanfoodislove❤️ #koreanfoodtrip","['koreanfood', 'koreanfoodislove❤️', 'koreanfoodtrip']",0.0,0,2026-06-28T22:07:06.000Z,https://www.instagram.com/p/DaJU72sS9uS/
koreanfoodtrip,3928643989918588226,Sidecar,"#협찬 안녕하세요, 언더불독입니다. 이번에 소개 드릴 곳은 청주 상당구 용암동 동남지구에 위치한 '호이안 식당 청주본점' 입니다.

@hoiamfood 

청주 동남지구에서 쌀국수 맛집 찾고 있다면 여긴 한 번 저장해두셔도 좋겠습니다.
양도 넉넉하고 분위기도 좋아서, 가볍게 갔다가 생각보다 더 만족하고 나온 곳이었어요.

호이안 식당은 다양한 베트남·동남아 음식을 즐길 수 있는 곳인데요.
매장에 들어가면 넓고 깔끔한 공간에 이국적인 조명과 스테인리스 테이블이 어우러져
베트남 현지 식당 같은 분위기가 자연스럽게 느껴졌습니다.
동남지구에서 색다른 한 끼 찾을 때 꽤 잘 어울리는 곳이었어요.

이번에 제가 주문한 메뉴는 양지 쌀국수 퍼보와 팟타이였습니다.

먼저 퍼보는 국물이 진하고 깊게 우러나 있어서
한입 마시자마자 “여긴 육수 괜찮다”는 생각이 바로 들었습니다.
양지와 건더기도 넉넉하게 들어 있어쌀국수 한 그릇인데도 꽤 든든하게 느껴졌고,
가볍기만 한 스타일이 아니라 제대로 한 끼 식사로 만족할 수 있는 쪽이었어요.

팟타이도 좋았습니다. 해산물이 넉넉하게 들어 있고
볶음면 간이 과하지 않게 잘 맞아서 달고 짠 맛이 튀기보다
전체 밸런스가 깔끔하게 잡힌 느낌이었습니다.
쌀국수랑 같이 두면 국물 있는 메뉴와 볶음면의 조합이 좋아서
둘이 방문했을 때 특히 만족도가 높을 것 같아요.

무엇보다 좋았던 건 두 메뉴 다 양이 꽤 넉넉해서 가성비가 좋다는 점이었습니다.
동남지구에서 이국적인 분위기, 편안한 식사, 양까지 같이 챙기고 싶다면
호이안 식당은 꽤 괜찮은 선택지라는 생각이 들었어요.

추가로 현재 인스타그램 & 네이버 리뷰 이벤트도 진행 중이라
텃만꿍 2p 또는 음료수를 제공한다고 하니 방문 전 참고하시면 더 좋을 것 같습니다.

청주 동남지구에서 쌀국수 맛집, 팟타이 맛집, 이국적인 분위기의 동남아 음식점 찾고 있다면
호이안 식당 청주본점 저장해두고 용암동·동남지구 맛집 찾을 때 참고하세요.

청주 맛집, 동남지구 맛집, 이국적인 로컬 맛집 계속 올릴 예정이니 팔로우도 부탁드립니다 :)

📍 위치
충북 청주시 상당구 중고개로141번길 33 1층 호이안 식당 (도로명), 
충북 청주시 상당구 용암동 3190 (지번)

🕓 영업시간
10:00-23:00 (22:00 라스트 오더, 격주 월요일 휴무)

📞 전화번호
043-297-7621

*본 게시물은 소정의 음식 비용을 제공 받아 작성되었습니다.*

#청주맛집 #동남지구맛집 #용암동맛집 #호이안식당 #호이안식당청주본점 #청주쌀국수 #청주팟타이 #청주베트남음식 #청주동남아맛집 #동남지구쌀국수 #청주데이트맛집 #청주점심맛집 #청주저녁맛집 #청주로컬맛집 #CheongjuFood #CheongjuRestaurant #VietnameseFood #Pho #PadThai #KoreanFoodTrip #CheongjuTravel #LocalFoodKorea #KFood #VisitKorea #CheongjuHotplace #AsianFoodLovers","['협찬', '청주맛집', '동남지구맛집', '용암동맛집', '호이안식당', '호이안식당청주본점', '청주쌀국수', '청주팟타이', '청주베트남음식', '청주동남아맛집', '동남지구쌀국수', '청주데이트맛집', '청주점심맛집', '청주저녁맛집', '청주로컬맛집', 'CheongjuFood', 'CheongjuRestaurant', 'VietnameseFood', 'Pho', 'PadThai', 'KoreanFoodTrip', 'CheongjuTravel', 'LocalFoodKorea', 'KFood', 'VisitKorea', 'CheongjuHotplace', 'AsianFoodLovers']",16.0,0,2026-06-27T09:01:20.000Z,https://www.instagram.com/p/DaFWOTcEh1C/
koreanfoodtrip,3926269208372123061,Sidecar,"I LOVE MY SEOUL~! I'm sooo glad to be back in this wonderful city. 🍒🌸

#seoul #travelingram #travelblog #koreanfoodtrip #happylife","['seoul', 'travelingram', 'travelblog', 'koreanfoodtrip', 'happylife']",0.0,0,2026-06-24T02:23:04.000Z,https://www.instagram.com/p/DZ86QrxkxW1/
hanokstay,3940122552614218801,Sidecar,"하운재는 오늘도 조금씩 완성되어 갑니다.
Day by day, Haunjae is slowly taking shape.
暑い夏でも、工事は続いています。
ハウンジェは今日も少しずつ完成へと近づいています
#공사현장
#한옥스테이
#hanokstay 
#hanok","['공사현장', '한옥스테이', 'hanokstay', 'hanok']",8.0,0,2026-07-13T05:07:11.000Z,https://www.instagram.com/p/DauIJYAE2wx/
hanokstay,3939407948279890836,Sidecar,"Kawasan permukiman tradisional di Kota Seoul, yang dipenuhi ratusan rumah tradisional  hanok. 
.
.
#hanok #hanokvillage #seoul #hanokstay 

📍Jongno-gu  Seoul 🇰🇷","['hanok', 'hanokvillage', 'seoul', 'hanokstay']",71.0,5,2026-07-12T05:27:24.000Z,https://www.instagram.com/p/Darlqg2ksOU/
hanokstay,3938923364123668622,Sidecar,"하루 1만 원으로 머무는 워케이션. 🌿

📍 곡성 삼청이야기마을

✔️ 1박 10,000원 (3박 4일 40,000원)
✔️ 한옥 독채 1인 1채 제공
✔️ 업무 공간 & 휴식 공간 이용 가능
✔️ 공용 주방 무료 이용
✔️ 바비큐 가능
✔️ 불멍 키트 대여 (15,000원)

조용한 시골 마을에서
일도 하고, 쉬기도 할 수 있는 워케이션 공간입니다.

저는 3박 4일 동안 머물며
낮에는 작업을 하고, 여유가 생기면 마을을 천천히 걸으며 쉬었어요.

혼자 조용히 집중하고 싶거나,
잠시 일상에서 벗어나 리프레시하고 싶다면 추천하는 곳입니다.
-
A hidden workation spot in South Korea. 🌿

📍 Samcheong Story Village, Gokseong

✔️ ₩10,000 per night
✔️ Private traditional Korean house (Hanok)
✔️ Shared kitchen (free)
✔️ Workspace & relaxing spaces
✔️ BBQ available
✔️ Fire pit kit (₩15,000)

A peaceful countryside village where you can work, slow down, and recharge.

I stayed here for 4 days and 3 nights for just ₩40,000. It was the perfect place to focus during the day and enjoy a slower pace of life in the evening.

If you’re looking for a quiet workation or a hidden destination in Korea, this place is definitely worth saving. 
#곡성여행 
#워케이션 
#workation 
#koreatravel
#slowtravel","['곡성여행', '워케이션', 'workation', 'koreatravel', 'slowtravel']",1.0,2,2026-07-11T13:24:37.000Z,https://www.instagram.com/p/Dap3e4sE_CO/
hanokstay,3937971630886700703,Sidecar,"역사적 머묾, 신라헌新羅軒

천년 고도 경주,
관광지의 소란에서 한 걸음 물러난 자리.
문을 열고 들어서는 순간
여행의 속도가 천천히 느려지는 곳.
밤에는 마당을 지나는 바람 소리와
처마 밑 풍경 소리, 그리고 마당 위의 별.
아침에는 창호지로 스며드는 빛과 함께
마루에서 차 한 잔.

호텔이 '편리함'을 준다면,
신라헌은 편안함과 더불어
기억에 남는 하룻밤을 드립니다.

혼자 온 여행자도, 친구와 연인도, 가족도
자기만의 속도로 머물다 가는 공간.
경주에서의 하룻밤이 필요한 날,
신라헌에서 기다리고 있겠습니다",[],-1.0,3,2026-07-10T05:53:42.000Z,https://www.instagram.com/p/DamfFWCkUaf/
hanokstay,3937250508368907074,Sidecar,"Experiencing Korean culture no longer ends with wearing hanbok (traditional Korean attire), listening to K-pop or enjoying Korean cuisine. It also extends to where visitors spend the night — preferably somewhere uniquely Korean.

That is why, for tourists, staying in a hanok (traditional Korean-style house) has almost become a rite of passage.

“Foreign visitors have long favored hanok accommodations, but that trend has become even more pronounced in recent years,” booking platform Stayfolio CEO Chang In-seong said. Stayfolio provides a curation of around 800 handpicked lodgings across Korea.

For the full story tap the link in our bio.

(Photo: JOONGANG DAILY, YONHAP, THE WATERHOUSE, SON MIN-HO, YUSUNGWAN, BAEK JONGHYUN)

#korea #hanok #hanokstay #한옥","['korea', 'hanok', 'hanokstay', '한옥']",32.0,0,2026-07-09T06:01:06.000Z,https://www.instagram.com/p/Daj7HoXDgtC/
hanokstay,3937220167620571201,Image,다녀가주신 분들의 관심과 사랑덕분에 이번 분기도 슈퍼호스트가 되었습니다. 감사합니다.,[],12.0,1,2026-07-09T05:00:43.000Z,https://www.instagram.com/p/Daj0OHVhzBB/
hanokstay,3936418300131925054,Image,"오늘 아침, 
스위스에서 온 부부를 양양터미널까지 배웅했습니다.

임신 6개월인 아내와 함께 2박 3일을 머물며, 
어제는 울산바위까지 다녀왔다고 해 놀라고 또 감탄했어요.

터미널로 가는 길에 스위스팀이 월드컵 8강 진출했다고
자랑을 하더군요. 응원하겠습니다!!

서울행 버스표를 끊어드리고 ""좋은 여행 되세요."" 
인사를 건네는데, 떠나는 뒷모습이 오래 마음에 남았습니다.

하지만 만송재는 또 다른 만남을 준비합니다. 
""떠남이 있어 아쉽지만, 
새로운 만남이 있어 오늘도 만송재는 설렙니다.""

방을 정성껏 정리하며 오늘 오실 손님을 기다립니다.
어떤 사연을 품고 오실지, 어떤 추억을 안고 돌아가실지.

만송재는 오늘도 한 사람, 
한 팀의 이야기를 담을 준비를 합니다. 🍃

#만송재 #양양숙소 #양양한옥스테이 #양양독채펜션 #한옥스테이","['만송재', '양양숙소', '양양한옥스테이', '양양독채펜션', '한옥스테이']",35.0,4,2026-07-08T02:27:33.000Z,https://www.instagram.com/p/Dag95aCtdw-/
hanokstay,3936046196951094182,Image,"🚥 우리나라 전통에서 빨간색, 파란색, 노란색은 단순한 색이 아니라 오방색(五方色) 의 일부로, 우주의 질서와 자연의 조화를 상징하는 중요한 의미를 담고 있습니다.
.
The Meaning of Korean Traditional Colors: Obangsaek
In Korean tradition, red, blue, and yellow are not just simple colors. They are part of Obangsaek (Five Cardinal Colors), which represent the order of the universe and the harmony of nature.
.
그리고
.
🍽 육각형은 여섯 방향(동·서·남·북·하늘·땅)을 상징해 세상이 조화를 이루고 복이 깃들기를 바라는 의미로 해석되기도 합니다.
.
Among Korea's traditional vessels, the hexagonal (六角形) dish was not simply made to look pretty, but often embodies both practicality and symbolism.

#전주한옥마을 #오방색 #어사화 #한옥스테이 #hanokstay","['전주한옥마을', '오방색', '어사화', '한옥스테이', 'hanokstay']",10.0,0,2026-07-07T14:08:15.000Z,https://www.instagram.com/p/DafpSl8zBOm/
hanokstay,3935905960569337611,Sidecar,"⠀ 
비로소, 한옥
Gyeongju, South Korea

Client : @biroso_hanok
Photographer : @record_sitio

두 번의 촬영 중 첫 번째 연출 촬영

ⓒ 2025 RECORD SITIO",[],-1.0,3,2026-07-07T09:29:35.000Z,https://www.instagram.com/p/DafJZ4pE_cL/
hanokstay,3935175861631708823,Image,"📍 서울시 삼선교로6길 19-7
📩 info@thecona.co.kr

예약 문의는 이메일 또는 프로필 하단의 Airbnb 링크를 통해 가능합니다.

----

📍 19-7, Samseongyo-ro 6-gil, Seoul
📩 info@thecona.co.kr

For reservations,
Feel free to contact us via email or through the Airbnb link at the bottom of our profile.",[],-1.0,2,2026-07-06T09:19:15.000Z,https://www.instagram.com/p/DacjZjBP-6X/
jeonjuhanokvillage,3939724219906050335,Sidecar,"Out of all the places I think Jeonju was one of those places that transports you back in time. The culture. Food and Architecture were unreal, its a small place but so authentic that your stat will feel magical. 

We stayed at a great Hanok style house and it was a real experience you have to try. 

Interested in tips on where to stay feel free to comment. 

#jeonjuhanokvillage #jeonjuhanok #jeonju #fyi #viral","['jeonjuhanokvillage', 'jeonjuhanok', 'jeonju', 'fyi', 'viral']",5.0,0,2026-07-12T15:55:47.000Z,https://www.instagram.com/p/Dastk3wgMkf/
jeonjuhanokvillage,3939612546595659021,Sidecar,"주말여행

정신없는 일터를 떠나

고요한 한옥, 그리고 천천히 흐르는 시간.
전주의 여름은 생각보다 아름다웠다. 🤍 

#전주 #전주한옥마을 #전주여행 #Jeonju #JeonjuHanokVillage","['전주', '전주한옥마을', '전주여행', 'Jeonju', 'JeonjuHanokVillage']",39.0,0,2026-07-12T12:13:54.000Z,https://www.instagram.com/p/DasULz4gZ0N/
jeonjuhanokvillage,3939479758598058125,Sidecar,"버섯요리 로즈마리 다듬는 시간 🍃
마당에서 수확한 로즈마리는 그늘에서 잘 말리고  다듬어 두었다가
버섯요리에 강황과 함께사용합니다.
특유의 깊은 향으로 버섯의 풍미를 더해주고, 식사를 한층 산뜻하게 만듭니다. 

Prepping my homegrown rosemary. I dry them in the  shade and use them with turmeric to bring out the deep, refreshing flavors of the mushroom dishes.

#aprilanddecember #jeonjubrunch #jeonjuvegan #jeonjuhanokvillage #ayurveda","['aprilanddecember', 'jeonjubrunch', 'jeonjuvegan', 'jeonjuhanokvillage', 'ayurveda']",-1.0,0,2026-07-12T07:50:04.000Z,https://www.instagram.com/p/Dar1_fbFDCN/
jeonjuhanokvillage,3939462240248839882,Sidecar,"안녕하세요.

얼마 전 제 언니가 전주한옥마을 전동성당 길목에 
작은 채식브런치 가게를 오픈하게 되어 기쁜 소식 전합니다.

🍏에이프럴앤디셈버 @april.and_december는
 아유르베다에서 영감을 받아 몸과 마음을 편안히 채워주는 시즌브런치 비스트로입니다.

바삭한 발효와플과 고소한 후무스에 제철채소를 겯들이고
후식으로는 비건바나나브레드와 커피향? 물씬나는 민들레뿌리차까지

자극적이진 않지만 한입 먹으면 몸이 먼저 좋아하는 
깊은 풍미를 지닌 정성가득한 플레이트입니다.

바쁜 일상 속 잠시 멈춰 몸에 좋은 온기를 채우고 싶을 때
전주여행 중 조용히 한끼 쉬어가고 싶을 때 발걸음해 보세요. 🤍

📍위치 _ 완산구 전동성당길 30

#aprilanddecember #jeonjubrunch #jeonjuvegan #jeonjuhanokvillage #ayurveda","['aprilanddecember', 'jeonjubrunch', 'jeonjuvegan', 'jeonjuhanokvillage', 'ayurveda']",20.0,2,2026-07-12T07:15:16.000Z,https://www.instagram.com/p/DaryAkMGL7K/
jeonjuhanokvillage,3938917295301236350,Sidecar,"༶⁺₊𓅯₊ ⊱ ་༘ ࿐ 

7월 전주 예약가능합니다
.
여름 동안 그려둔 도안을 좋은 가격으로 작업하고 있습니다. 평소 눈여겨보셨던 도안이 있으시다면 서둘러 문의 주세요📩

-------------------------------------------------------

July bookings & weekend walk-ins available!
DM or Kakao for bookings and inquiries. 
.
#전주타투 #객사타투 #새타투 #jeonjutattoo #jeonjuhanokvillage","['전주타투', '객사타투', '새타투', 'jeonjutattoo', 'jeonjuhanokvillage']",-1.0,4,2026-07-11T13:12:34.000Z,https://www.instagram.com/p/Dap2GkqEpZ-/
jeonjuhanokvillage,3938881055583615273,Sidecar,"Есть места, после которых остаются не только фотографии, но и особые чувства.
Прогулка по Jeonju Hanok Village в традиционных ханбоках стала одним из самых теплых воспоминаний о Корее.
Здесь история встречается с настоящим, а каждый кадр будто оживает. ♥️🇰🇷
#jeonjungkook #jeonjuhanokvillage #southkorea #hanbok #koreatravel","['jeonjungkook', 'jeonjuhanokvillage', 'southkorea', 'hanbok', 'koreatravel']",13.0,4,2026-07-11T12:00:04.000Z,https://www.instagram.com/p/Dapt3Nyk7kp/
jeonjuhanokvillage,3938768731820574453,Image,"📢 휴무 안내 (8월 3일 ~ 8월 5일)

더 맛있는 국밥을 만들기 위해 잠시 다녀오겠습니다.

8월 3일(월)부터 8월 5일(수)까지는 전국의 다양한 국밥을 직접 맛보고 배우는 시간을 갖습니다.

좋은 점은 배우고, 부족한 점은 채워 더욱 맛있는 완산본국밥으로 돌아오겠습니다.

8월 6일부터 정상 영업합니다.

감사합니다.

#완산본국밥 #전주국밥 #전주돼지국밥 
#한옥마을맛집 #전주맛집 #가족외식 
#단체식사 #jeonjuhanokvillage #koreanfood #koreansoulfood #jeonjufood #hiddengemkorea","['완산본국밥', '전주국밥', '전주돼지국밥', '한옥마을맛집', '전주맛집', '가족외식', '단체식사', 'jeonjuhanokvillage', 'koreanfood', 'koreansoulfood', 'jeonjufood', 'hiddengemkorea']",7.0,0,2026-07-11T08:17:23.000Z,https://www.instagram.com/p/DapUUsIlMb1/
jeonjuhanokvillage,3938592139239870485,Sidecar,Bit of a different viewpoint to the Forest lately. Traditional hanok we’re staying in atm in Jeonju. #southkorea #jeonjuhanokvillage #holidaysketching #koreanadventures,"['southkorea', 'jeonjuhanokvillage', 'holidaysketching', 'koreanadventures']",20.0,2,2026-07-11T02:26:32.000Z,https://www.instagram.com/p/DaosK7eidAV/
jeonjuhanokvillage,3938010974405073093,Sidecar,,[],3.0,1,2026-07-10T07:11:52.000Z,https://www.instagram.com/p/DamoB3jARjF/
jeonjuhanokvillage,3936745010544336704,Image,"Made for Two♥
.
전주 7월 예약 가능합니다! DM•Kakao로 문의주세요📩

------------------------------------------------------

July bookings are now open in Jeonju! Weekend walk-ins are also available. DM for inquiries.
.
#전주타투 #객사타투 #커플타투 #jeonjutattoo #jeonjuhanokvillage","['전주타투', '객사타투', '커플타투', 'jeonjutattoo', 'jeonjuhanokvillage']",-1.0,0,2026-07-09T12:15:08.000Z,https://www.instagram.com/p/DaiILq0yV9A/
yangyang,3940334786024467719,Sidecar,"#YangYang Sampul Majalah T锦绣 Edisi Juli#

Seperti apa kehidupan ideal seorang anak muda?

Pakaian yang rapi dan pantas, bekerja dengan penuh semangat, berolahraga secukupnya, sering melakukan perjalanan, serta memiliki seseorang yang selalu dirindukan dan dipedulikan—setidaknya, begitulah majalah-majalah ilustrasi pada abad lalu menggambarkannya.

Di musim panas tahun 2026 ini, saat membuka album foto Yang Yang, sudah berapa banyak dari kehidupan ideal itu yang telah kamu wujudkan?

Kredit:

Fotografer: Leslie Zhang

Editor: Jiang Xinming

Penata Gaya: Xiao Siduo (Echo Xiao)

Penata Rambut: Xiao Yunjian (ONTIME)

Penata Rias: Yuan Shuai (ONTIME)

Produser: Liu Ruize (Fullbay)

Art Director: Huang Xiuping (Ongoing)

Koordinator Artis: Ji Chang & Zhang Shiran

Produser Eksekutif: Yang Mei (Fullbay)

Tim Artistik: Dong Bingbing & Liu Yuetong (Ongoing)

Koordinator Styling: Wei Tiangui

Asisten Styling: Xie Lili, Hong Yihuai, dan Ziyi

Source : weibo",['YangYang'],12.0,0,2026-07-13T12:08:52.000Z,https://www.instagram.com/p/Dau4ZxxGm0H/
yangyang,3940324718729722797,Sidecar,"20260713 😢😿😭
크인 때에도 긴 머리.. 
이거 特战荣耀 촬영 때 혹은 2013년 촬영 중 입은 상처 흉터래요.  특영 때의 깊은 흉터는 오른쪽 뺨에만 좀 남았을 뿐이라 생각했는데 ㅠㅠㅠ

#yangyang #杨洋 #양양","['yangyang', '杨洋', '양양']",32.0,2,2026-07-13T11:48:52.000Z,https://www.instagram.com/p/Dau2HR3k3ut/
yangyang,3940287927208723995,Sidecar,"Pesona tampan dari Yangyang untuk sampul majalah T China edisi Juli 2026.

.
#yangyang #chineseactor #fyp","['yangyang', 'chineseactor', 'fyp']",31.0,1,2026-07-13T10:35:46.000Z,https://www.instagram.com/p/Dautv5GCUYb/
yangyang,3940266103255901968,Sidecar,"Yang Yang for T Magazine China July Issue Cover
Behind-the-Scenes Part 1
“Bzzzt... Signal connected.”

Tune into Yang Yang’s frequency and quietly listen to a symphony of retro and the new order.

#yangyang #杨洋 #sda2026 #tmagazine #love","['yangyang', '杨洋', 'sda2026', 'tmagazine', 'love']",3.0,0,2026-07-13T09:52:24.000Z,https://www.instagram.com/p/DauoyT9FKcQ/
yangyang,3940258700242189786,Image,"💙📖 [Pre-Order] นิตยสาร T China  เดือน ก.ค. 26 ปก #หยางหยาง

🎁แถมการ์ด 5 ใบ
✏️เล่มละ450฿รวมส่ง
✅มัดจำได้ 200฿

✨ สั่งซื้อ DM ค่ะ

 #杨洋 #yangyang","['หยางหยาง', '杨洋', 'yangyang']",1.0,0,2026-07-13T09:37:42.000Z,https://www.instagram.com/p/DaunGlXE_3a/
yangyang,3940255143849475872,Sidecar,"𓂃⟡ ݁ ꒰ Yangyang update !! ꒱ ⸝⸝ .ᐟ . 
@yangyang_x2 
.
.
.
I follow back ~
#yangyang #fypシ❤️💞❤️ #viral #fanpage","['yangyang', 'fypシ❤️💞❤️', 'viral', 'fanpage']",0.0,0,2026-07-13T09:30:38.000Z,https://www.instagram.com/p/DaumS1Njb8g/
yangyang,3940230834150447265,Sidecar,"26.07.13 | The Gorgeous Yang Yang Takes the Cover of T Magazine July Issue

What does a young man’s ideal life include?
Decent clothing, passionate dedication to work, moderate exercise, frequent long travels, and someone to care about at least, that is what the pictorials of the last century told us.

In the summer of 2026, flipping through this YangYang photo book, how many of your ideal life goals have been achieved?

#yangyang #杨洋 #sda2026 #tmagazine #love","['yangyang', '杨洋', 'sda2026', 'tmagazine', 'love']",3.0,2,2026-07-13T08:42:20.000Z,https://www.instagram.com/p/DaugxFClBih/
yangyang,3940226993261956835,Image,"My Two Bosses @dilrabaxx63 @yang_0099 😎😎

#Dilraba #YangYang #Yangdi #Youaremyglory","['Dilraba', 'YangYang', 'Yangdi', 'Youaremyglory']",65.0,2,2026-07-13T08:34:46.000Z,https://www.instagram.com/p/Dauf5L7yM7j/
yangyang,3940208143510955499,Sidecar,"Repost Chinese Version Tmagazine

#YangYangTSplendidJulyIssueCover

What constitutes an ideal life for a young person? Appropriate clothing, enthusiastic work, moderate exercise, frequent travel, and someone to care about—at least, that's what magazines from the last century told us.

In the summer of 2026, flipping through this @yang_0099 photobook, how many of your ideal life's achievements have you attained?

Photography: LeslieZhang
Editing: Jiang Xinming
Styling: Siduo Shaw
Hair: Xiao Yunjian at ONTIME
Makeup: Yuan Shuai at ONTIME
Producer: Liu Ruizhe at Fullbay
Art Direction: Huang Xiuping at ongoing
Artist Coordinator: Ji Chang & Zhang Shiran
Executive Producer: Yang Mei at Fullbay
Executive Art Direction: Dong Bingbing, Liu Yuetong at ongoing
Styling Coordinator: Wei Tiangui
Wardrobe Assistant: Xie Lili, Hong Yihuai, Ziyi

#YangYang # YangYangTMagazineJuly2026","['YangYangTSplendidJulyIssueCover', 'YangYang']",66.0,1,2026-07-13T07:57:15.000Z,https://www.instagram.com/p/Daubm4vEmXr/
yangyang,3940195314946404366,Sidecar,"Aktor Yang Yang menghiasi sampul T China edisi Juli 2026 dengan konsep unik yang terinspirasi dari majalah ilustrasi klasik. Pemotretan ini menghadirkan nuansa nostalgia, membayangkan sang aktor seolah kembali memasuki dunia gambar cetak yang pernah menjadi simbol pesona dan imajinasi di masa lalu.

Melalui konsep tersebut, T China mengajak pembaca melihat sisi berbeda dari Yang Yang—untuk sesaat meninggalkan hiruk-pikuk era digital dan menghadirkan kembali sosok yang telah dikenal lewat berbagai karya dalam balutan visual yang abadi. Pemotretan sampul ini digarap oleh fotografer Leslie Zhang bersama tim kreatif ternama.

—
Coppanihao
Ladyluck

#Cnh_yangyang #yangyang","['Cnh_yangyang', 'yangyang']",410.0,6,2026-07-13T07:31:45.000Z,https://www.instagram.com/p/DauYsNNCfAO/
suwon,3940377401859499125,Image,"이번에는 붙잡지 않았다.
This time, I let it pass.

#introspectivephotography 
#monochrome #light #shadow #suwon","['introspectivephotography', 'monochrome', 'light', 'shadow', 'suwon']",4.0,0,2026-07-13T13:33:35.000Z,https://www.instagram.com/p/DavCF62z-R1/
suwon,3940375508655669770,Sidecar,"그렇네요

😯 설마했는데

😂 진심

😯 비가 왜케 오죠

🫤 짱나네요
.
.

( 수원 왔는데 비가.. ☔️ )

약속 있어서 행궁동 왔는데
갑자기 비 오는 거 실환가.. 🫤

라고 쳐지기엔 비오는 날에
더 예쁜 카페가 하나 있는데 🧐
.
.

( 걍 나가지 말자.. 🛌 )

비 오는 날 가라고 특히 장마철에
맨날 박제되는 아지트가 있는데?

💬 “비 오는 날 창가 자리 앉으려고 갔슴다”
💬 “재즈에 빗소리 들으면서 책 한 권 뚝딱”

뭔 분위기이길래 다들 비 올 때 가라고 난리여
했는데 들어가자마자 바로 납득했더랬죠 😟

빈티지한 우드톤 공간에 LP재즈 음악이 싹 깔려있는데,
어두운 조명 아래서 창밖 비 내리는 거 보고있으면 극락 

언제 비올지 모르는 요즘.. 걍 일단 저장해놓기 ✅

______🤔__

🙋🏻 카페 그루비 | @cafegroovyand 

📍 경기 수원시 팔달구 북수동 199-2
🕚 11:00 - 21:00
🚫 연중무휴
🅿️ 인근 공영 주차장 추천
⚠️ 추가 공지 공식 계정 참고

______👇🏻__

🫰🏻 유명한 데 말고, 괜찮은 데 가세요 🫰🏻

🔑 어디에 있든, 영감은 당신 눈 앞에 있다.
💬 당신의 영감이 유영하길

#수원카페 #행궁동 #팔달구 #행궁동데이트코스 #suwon","['수원카페', '행궁동', '팔달구', '행궁동데이트코스', 'suwon']",-1.0,0,2026-07-13T13:29:46.000Z,https://www.instagram.com/p/DavBqXrEgIK/
suwon,3940363600036769250,Sidecar,"Suwon 🇰🇷❤️. 

#suwon #seul","['suwon', 'seul']",14.0,5,2026-07-13T13:06:07.000Z,https://www.instagram.com/p/Dau-9E6Ei3i/
suwon,3940337327100906628,Sidecar,제23회 철원DMZ국제평화마라톤대회(Full) D-54,[],-1.0,1,2026-07-13T12:13:55.000Z,https://www.instagram.com/p/Dau4-wVD8yE/
suwon,3940325494533450048,Sidecar,"화성행궁 길건너에는 피자집이 하나 있음. 🍕
이름하여 바베네피자인데, 바베네피자는 행궁동에서 ’에어홀피자’를 운영하시던 사쟝님께서 운영하고 있는 피자집임. 

이탈리아st 완전 화덕스타일의 쫄깃한 도우가 특징이랄까 👀

피자 맛도 맛인데 인테리어가 아쥬그냥 기깔나는데
버페 편집자가 가본 바베네피자 매력포인트 알려드림 🏃🏻

1.일단 피자 도우가 엄청 쫄깃바삭함!!!!!!! 더부룩한 느낌이 없어서 딱 좋음 👍
2.피자가 하프앤하프가 돼서 너무 좋았음. 궁금한거 2개 시켜먹기 왕가능
3.내 원픽은 페퍼로니포카치아, 아주 그냥 페퍼로니 듬뿍에 바삭한 포카치아 스타일의 피자라서 이거 진짜 왕맛있음 🍕
4.아 에델바이스 생맥주가 있습니다 여러분✨✨✨
5. 문손잡이가 말임 ㅋㅋㅋㅋㅋ 진짜 말 황금말🤣
6.아니 인테리어 감도가 너무 높아가지고 궁금했는데 바베네피자 사쟝님이 피망과오이 사쟝님 @pimang_oe  남편분이셨음!! 어쩐지 감도가 미쳐버림

피자집 인테리어가 이렇게 예뻐도 되는건가 싶을 정도로 피자도 먹고 분위기도 먹는 일석이조의 바베네 피자, 진짜 꼭 한번쯤 가보고 힙스러움을 느꼈으면 좋겠음 🍕🔥🔥

📍바베네피자 @va_bene_trattoria_ 

주소 : 경기 수원시 팔달구 정조로 838-1 1층
영업시간 : 12시 - 19시
특징 :  인테리어 감도가 미쳐버림 🥹🥹🥹",[],64.0,6,2026-07-13T11:50:24.000Z,https://www.instagram.com/p/Dau2SkZFOlA/
suwon,3940317790075933993,Sidecar,💌 ~ ** 🪻,[],-1.0,0,2026-07-13T11:35:06.000Z,https://www.instagram.com/p/Dau0idDoNUp/
suwon,3940280710767185290,Sidecar,"🔥 iPhone 14 Pro Max 256GB अब उपलब्ध! 🍎

💯 Battery Health: 90% / 91%
✨ उत्कृष्ट Condition
📸 दमदार Camera
⚡ Fast Performance
🔋 लामो Battery Backup

अब आफ्नो मनपर्ने iPhone 14 Pro Max 256GB सस्तो मूल्यमा घर लैजानुहोस्! 📱

📍 Suwon Station Exit 11, Shop 46 & 69
📞 010-5540-5623

छिटो गर्नुहोस्, स्टक सीमित छ! ❤️

#iPhone14ProMax #iPhone256GB #Apple #UsediPhone #PhoneDoctorMonikaMagar #PhoneDoctor #UsedPhone #BrandNewPhone #SuwonStation #Suwon #NepaliInKorea #KoreaMobile #iPhoneKorea #AppleKorea #SouthKorea #MobileShop #iPhoneDeal #iPhoneSale","['iPhone14ProMax', 'iPhone256GB', 'Apple', 'UsediPhone', 'PhoneDoctorMonikaMagar', 'PhoneDoctor', 'UsedPhone', 'BrandNewPhone', 'SuwonStation', 'Suwon', 'NepaliInKorea', 'KoreaMobile', 'iPhoneKorea', 'AppleKorea', 'SouthKorea', 'MobileShop', 'iPhoneDeal', 'iPhoneSale']",0.0,0,2026-07-13T10:21:25.000Z,https://www.instagram.com/p/DausG4Qmg2K/
suwon,3940279339833809109,Image,"🔥 Samsung A17 😍

अब Zero Downpayment मा आफ्नो बनाउनुहोस्! 📱✨

🎁 FREE उपहार पनि पाउनुहोस्!
💥 यस्तो अफर धेरै दिन रहँदैन—छुटाउनुभयो भने पछुताउनु हुन्छ!

📍 Suwon Station Exit 11
☎️ 010-5540-5623

#PhoneDoctorMonikaMagar #PhoneDoctorMobileNepal #SamsungA17 #GalaxyA17 #ZeroDownPayment #InstallmentPhone #FreeGift #SIMOffer #UsedPhoneKorea #BrandNewPhone #iPhone #Samsung #Suwon #SuwonStation #NepaliInKorea #EPSKorea #SouthKorea","['PhoneDoctorMonikaMagar', 'PhoneDoctorMobileNepal', 'SamsungA17', 'GalaxyA17', 'ZeroDownPayment', 'InstallmentPhone', 'FreeGift', 'SIMOffer', 'UsedPhoneKorea', 'BrandNewPhone', 'iPhone', 'Samsung', 'Suwon', 'SuwonStation', 'NepaliInKorea', 'EPSKorea', 'SouthKorea']",0.0,0,2026-07-13T10:18:43.000Z,https://www.instagram.com/p/Daury7emtjV/
suwon,3940275777602888922,Sidecar,"레고, 옥스포드,,그리고 루디브리엄,

#레고프롬프트
#후지필름 #소니 #a7m3 #xt4","['레고프롬프트', '후지필름', '소니', 'a7m3', 'xt4']",9.0,2,2026-07-13T10:11:37.000Z,https://www.instagram.com/p/Dauq_F5GKTa/
suwon,3940250796465352262,Image,"📷 시원한 실내 밖은 뜨거운 공기 후덥지근한 날씨 수원, 수원 오목천동 (photo : 2026.06.06)

.

#경기도 #수원 #오목천 #수원스냅 #suwon","['경기도', '수원', '오목천', '수원스냅', 'suwon']",14.0,2,2026-07-13T09:35:50.000Z,https://www.instagram.com/p/DaulTkZRG5G/
suwonhwaseongfortress,3937892006773426818,Sidecar,"#HwaseongFortress #suwonhwaseongfortress or #SuwonHwaseong  is a Korean fortress surrounding the centre of #Suwon, the provincial capital of Gyeonggi Province, #southkorea

It was built from 1794 to 1796 by King Jeongjo of Joseon to house and honor the remains of his biological father, Crown Prince Sado. Sado had been executed by being locked in a rice chest by his father, King Yeongjo. 

Located 30 kilometres (19 mi) south of #seoul and enclosing much of central Suwon, the fortress includes King Jeongjo's temporary palace. The fortress and enclosed palace were designated as a World Heritage Site by UNESCO in 1997. It comprises among many other features a perimeter wall, four main gates, and two sluicegates over the Suwoncheon, Suwon's main stream, which flows through the centre of the fortress.","['HwaseongFortress', 'suwonhwaseongfortress', 'SuwonHwaseong', 'Suwon,', 'southkorea', 'seoul']",4.0,0,2026-07-10T03:15:30.000Z,https://www.instagram.com/p/DamM-qTlIqC/
suwonhwaseongfortress,3937512021898289213,Sidecar,"Following the 5.7km winding stone walls of Hwaseong Fortress—flawlessly rebuilt after the Korean War using a 200-year-old royal blueprint diary—is the best way to experience this UNESCO World Heritage site. Walking through the ancient watchtowers feels like stepping back in time against Suwon's modern skyline framing the trail. 📍Gyeonggi Province, South Korea
.
.
.
.
#photography #architecturephotography #travelphotography #suwonhwaseongfortress #unescoworldheritage","['photography', 'architecturephotography', 'travelphotography', 'suwonhwaseongfortress', 'unescoworldheritage']",7.0,8,2026-07-09T14:40:32.000Z,https://www.instagram.com/p/Dak2lJ0E-A9/
suwonhwaseongfortress,3935327498905267669,Sidecar,"နောက်ခံကတော့ ရှေးဟောင်းခံတပ် ရှေ့ကတော့ ခြေထောက်တက်နေတဲ့ဘဲကြီး😭🤣
#suwonhwaseongfortress #수원","['suwonhwaseongfortress', '수원']",4.0,0,2026-07-06T14:20:17.000Z,https://www.instagram.com/p/DadF4KPEy3V/
suwonhwaseongfortress,3934894970272655570,Sidecar,"마리안 Wandering around Suwon. 🏰 
#SuwonHwaseongFortress #KoreanArchery #UNESCO #SoloTravel #PerfectCrown","['SuwonHwaseongFortress', 'KoreanArchery', 'UNESCO', 'SoloTravel', 'PerfectCrown']",60.0,0,2026-07-05T22:33:34.000Z,https://www.instagram.com/p/DabjiCjkqjS/
suwonhwaseongfortress,3930811853261973484,Sidecar,"🌇 내가 가장 좋아하는 하루의 끝
.
.
.
📍 Suwon Hwaseong Fortress, Suwon, Korea
🗓️ 2026.06.26
📸 SONY A7C2, 탐론 25-200mm F2.8-5.6 G2",[],-1.0,19,2026-06-30T08:48:30.000Z,https://www.instagram.com/p/DaNDI3gkyfs/
suwonhwaseongfortress,3929408740630186187,Sidecar,I came for the views but stayed for the history. Suwon Hwaseong Fortress left me in awe from beginning to end. Such a beautiful experience! #suwonhwaseongfortress #suwon #southkorea #korea #travel,"['suwonhwaseongfortress', 'suwon', 'southkorea', 'korea', 'travel']",12.0,0,2026-06-28T10:20:46.000Z,https://www.instagram.com/p/DaIEG5Ck8jL/
suwonhwaseongfortress,3928039768827608757,Sidecar,"🍃 오래 기다리고 준비한 만큼, 오래 기억될 한 장
.
.
.
📍 Suwon Hwaseong Fortress, Suwon, Korea
🗓️ 2026.06.26
📸 SONY A7C2, 탐론 25-200mm F2.8-5.6 G2",[],-1.0,4,2026-06-26T13:00:51.000Z,https://www.instagram.com/p/DaDM1usk761/
suwonhwaseongfortress,3926877349471658348,Image,"달이 지는 서장대

📍
수원화성 서장대

📸
합성✖️, Ai✖️.
Moonset.
800mm.
Suwon, Korea.
2026. 06. 25.

✔️
오늘 새벽에 진 달을 담아봅니다.

짙은 구름이 온통 하늘을 덮고 있어서 보일까 싶은 새벽,
팔달산 부근만 하늘이 열고 그 사이로 밝은 달이 내려옵니다.

노출오버 된 김에 주변도 밝게.

#달사진 #수원화성 #서장대 #여기어때 #수원여행","['달사진', '수원화성', '서장대', '여기어때', '수원여행']",313.0,28,2026-06-24T22:31:24.000Z,https://www.instagram.com/p/DZ_EiTTySFs/
suwonhwaseongfortress,3925983929061700110,Sidecar,"📍Suwon Hwaseong Fortress
🗓️April’2025
#suwon #suwonhwaseongfortress #southkorea","['suwon', 'suwonhwaseongfortress', 'southkorea']",9.0,0,2026-06-23T16:56:17.000Z,https://www.instagram.com/p/DZ75ZUtnXIO/
suwonhwaseongfortress,3925982524615760617,Sidecar,"📍Suwon Hwaseong Fortress
🗓️April’2025
#suwon #suwonhwaseongfortress #southkorea","['suwon', 'suwonhwaseongfortress', 'southkorea']",12.0,0,2026-06-23T16:53:29.000Z,https://www.instagram.com/p/DZ75E4uHRrp/
jeonju,3940358741900720218,Sidecar,"📍Jeonju, 전주 
 
너 무 자 주 입 는 헨 리 🖤🩶
#korea #jeonju #fashion #전주","['korea', 'jeonju', 'fashion', '전주']",4.0,0,2026-07-13T12:56:27.000Z,https://www.instagram.com/p/Dau92YamPha/
jeonju,3940353458352390844,Sidecar,"From making my own bibimbap at Jeonju to wandering through Gyeonggijeon Shrine and the charming Jeonju Hanok Village, every stop had its own story. I also got to design my own traditional tteok (Korean rice cake) dessert and ended the day with a peaceful stroll through Jeonju Deokjin Park.
I met another traveler @sani.seoulscapes during the tour, and we ended up grabbing coffee/matcha together. Sometimes the best souvenirs are the unexpected friendships you make along the way.
If you’re planning a trip to Korea beyond Seoul, Jeonju is a city where you can experience traditional culture, delicious food, hands-on activities, and beautiful scenery.

Have you been to Jeonju, or is it on your Korea travel bucket list?

#전주 #전주여행 #비짓전주 #jeonju #jeonjutour  @visitjeonju_official","['전주', '전주여행', '비짓전주', 'jeonju', 'jeonjutour']",-1.0,4,2026-07-13T12:45:58.000Z,https://www.instagram.com/p/Dau8pfuk4K8/
jeonju,3940351976638249437,Image,"A Taste of Jeonju / Un avant-goût de Jeonju
#jeonju #voyage #korea #전주한옥마을 #photoportrait","['jeonju', 'voyage', 'korea', '전주한옥마을', 'photoportrait']",2.0,1,2026-07-13T12:45:40.000Z,https://www.instagram.com/p/Dau8T7xh_nd/
jeonju,3940317622204546770,Image,"🌿🐈‍⬛7월 14일 화요일.
오전 10시 30분부터 오후 6시까지 작업실 열어요.
오후 3시의 서랍 보통칸, 큰 칸, 사부작가방 큰 버전을 작업할 예정이에요.

🪡바늘소녀 공작소 Needle girl works
📍전주시 완산구 풍남문4길 15-12 (한옥마을에서 걸어서 10분)
 Jeonjusi, Wansangu, Pungnammun4gil 15-12
📞️연락처 : 063 286 7764 (못 찾으면 전화주세요.)

⏰영업 시간
- 화,금 : 오전 10시 30분-오후 6시
- 수,목 : 오전 10시-오후 6시
- 토 : 오전 9시 30분-오후 6시
🚫일,월 휴무

#전주여행 #전주소품샵 #바늘소녀공작소 #jeonju #미들백","['전주여행', '전주소품샵', '바늘소녀공작소', 'jeonju', '미들백']",9.0,0,2026-07-13T11:36:25.000Z,https://www.instagram.com/p/Dau0gAttr7S/
jeonju,3940305892814085928,Sidecar,"비가 앞이 보이지 않을 만큼 쏟아지던 날 망설이는 사람들 대신
연꽃은 빗속에서도 묵묵히 피어 있었다
우산 끝에서 떨어지는 빗방울 소리와 
연잎 위를 구르는 물방울을 바라보며 한참을 걸었다

누군가에게는 궂은 날씨였겠지만 나에게는 가장 아름다운 여름이었다
좋아하는 풍경을 만난다는 건 결국 이런 순간을 오래 기억하기 위해
살아가는 일인지도 모르겠다
비 오는 날 연꽃을 보러 갔던 그날 참 행복했다",[],241.0,19,2026-07-13T11:11:27.000Z,https://www.instagram.com/p/Daux1U3j98o/
jeonju,3940239345359287222,Image,"Are you ready for next week? 
We’ll be in South Korea on Monday. 

Day 1: Seoul
Day 2: Incheon 
Day 3: Jeonju 
Day 4: Busan 
Day 5: Gyeongju 
Day 6: Daegu 
Day 7: Sokcho

#Seoul #Incheon #Jeonju #Busan #Gyeongju Daegu Sokcho southkorea","['Seoul', 'Incheon', 'Jeonju', 'Busan', 'Gyeongju']",0.0,0,2026-07-13T08:59:22.000Z,https://www.instagram.com/p/Dauis7uKHO2/
jeonju,3940230156593495683,Sidecar,"‼️올 여름 휴가는 한옥 뷰 루프탑 수영장이 있는 라한호텔 전주에서 *광고

1박 2일 뚜벅이로 미리 다녀온 여름 휴가 🏖️
전주한옥마을을 즐기기에 최적의 위치에 수영장, 헬스장, 사우나 등 편의시설에 조식뷔페부터 다양한 먹거리 가득해 전주한옥마을 호캉스 즐기기 딱이었어요. 

✔️ 수영장 or 조식 포함 패키지 선택 가능
여행 스타일에 맞게 선택할 수 있는 점이 최고!
✔️ 쾌적하고 넓은 객실 (마루바닥이라 good)
✔️ 한옥마을과 초록 가득 야외 루프탑 수영장
✔️ 비빔밥 대신 비빔빙수! 예뻐서 먹기 아까울 정도
라한호텔 전주 하녹당의 시그니처 메뉴가 더욱 풍부해졌어요
✔️ 시원한 생맥주 무제한 프로모션
한옥뷰를 바라보며 합리적인 금액으로 즐기는 생맥주는 힐링 그 자체
✔️ 컬러풀 트립 포토존
라잇트리의 다양한 제품을 만나볼 수 있어서 더욱 좋았어요
✔️ 상큼함 가득 컬러풀 콤부차
전주산책에서 컬러풀 콤부차 또는 슬로운 음료 2만원 이상 구매시 특별한 경품 이벤트도 응모 가능
✔️ 편리한 주차

시간대별로 알차게 꽉꽉 채워 즐긴 전주한옥마을 호캉스
저녁 먹고 슬슬 걸어 나가서 한옥마을 밤 분위기 즐기기도 좋았고,
체크아웃하고 한옥마을 둘러보고 1층 전주산책 카페에서 여행 기념 선물 사서 돌아오니 완벽한 여름휴가 ❤️

자세한 내용은 라한호텔 홈페이지에서 확인하실 수 있어요😊
@lahan_hotel

〰️〰️〰️〰️〰️〰️〰️〰️〰️
사람 없는 예쁜 곳 좋아해요 ❤️
✔️저장 ✔️공유 ✔️리포스트 
해두고 좋은 곳 함께 다녀요
〰️〰️〰️〰️〰️〰️〰️〰️

#라한호텔 #라한호텔전주 #전주호캉스 #여름호캉스추천 #여름휴가","['라한호텔', '라한호텔전주', '전주호캉스', '여름호캉스추천', '여름휴가']",63.0,83,2026-07-13T08:40:59.000Z,https://www.instagram.com/p/DaugnOBCX6D/
jeonju,3940163496838998371,Sidecar,"Moving to the south - Jeonju Hanok village, Ssanggyesa Temple in Jirisan National Park, Historical Museum and Tea Museum with tea plantation 
#tea#teaplantations🌿 #jeonju #hanok #buddhism","['tea', 'teaplantations🌿', 'jeonju', 'hanok', 'buddhism']",9.0,0,2026-07-13T06:28:32.000Z,https://www.instagram.com/p/DauRdMSDKlj/
jeonju,3940092778156654469,Image,"facebook

🇰🇷✨ ANNYEONG, KOREA! YOUR DREAM GETAWAY STARTS HERE! ✨🇰🇷

Experience the best of Jeonju • Suwon • Seoul in one unforgettable 5 Days & 4 Nights adventure! 🏯🌸 Discover Korea's rich culture, iconic landmarks, trendy shopping streets, and delicious cuisine—all in one amazing trip!

💙 Starting at only ₱45,888 per person
📍 OUT CEBU
📅 2026 Departure Dates Available

🌟 Tour Highlights:
🏡 Jeonju Hanok Village
📚 Starfield Library
🏰 Gyeongbokgung Palace
🌿 N Seoul Tower
🛍️ Myeongdong & Hongdae Shopping Streets
🍙 Kimchi Making Experience
👘 Hanbok Wearing Experience
🌊 Seaweed Museum
✨ Inspiring LED Tunnel & More!

✈️ Package Includes:
✅ Roundtrip Airfare
🏨 4 Nights Hotel Accommodation with Breakfast
🚌 Private Coach Transportation
🎟️ Sightseeing Tours & Entrance Fees
🎤 English-Speaking Tour Guide

📸 Create unforgettable memories, shop for your favorite K-beauty products, taste authentic Korean food, and experience the beauty of South Korea like never before!

📩 Reserve your slot today! Limited seats available.
Don't miss this incredible Korean adventure—book now before it's sold out! 🇰🇷💙

#Korea2026 #SeoulTour #Jeonju #Suwon #TravelKorea #KoreaAdventure #WanderMore #BookNow #travelwithus","['Korea2026', 'SeoulTour', 'Jeonju', 'Suwon', 'TravelKorea', 'KoreaAdventure', 'WanderMore', 'BookNow', 'travelwithus']",0.0,0,2026-07-13T04:08:03.000Z,https://www.instagram.com/p/DauBYGYG_-F/
jeonju,3940022433604690345,Image,"2026 여름방학 특별연수 [전주에서 만나는 특별한 여름]

전주전통문화연수원에서 여름방학을 맞아
<전주에서 만나는 특별한 여름> 1박2일 특별연수를 진행하고자 합니다. 🙂

[연수일정] 2026. 8. 14.(금) ~ 15.(토) / 1박2일
[참여대상] 전통문화에 관심 있는 7가족 (초등 이상)
*2인 1팀, 3인 3팀, 4~5인 2팀, 6~7인 1팀
[참가비용] 1인 60,000원(식사 미제공)

[신청기간] 2026. 7. 27.(월) 오전 10시 ~ 선착순 마감시 까지
[신청방법] 전주전통문화연수원 누리집
[문의전화] 063-281-5271~4

자세한 사항은 웹포스터에서 확인하실 수 있습니다.
많은 관심과 참여 부탁드리겠습니다. 🙂

구비물품 : 샴푸, 컨디셔너, 물비누, 치약(칫솔 미제공), 수건(1인 2개), 헤어드라이기

※ 취사는 불가능하며, 냉장고와 전자레인지는 없습니다.

#전통문화체험 #전주 #전통문화연수원 #연수 #직무연수 #교육 #체험 #놀이 #선비문화 #전통 #예절 #공동체 #한옥 #한옥마을 #전주한옥마을 #전주시 #jeonju #전주연수 #전주교육 #전주체험 #전주문화 #해설 #특강 #강의 #단체 #성인 #청소년","['전통문화체험', '전주', '전통문화연수원', '연수', '직무연수', '교육', '체험', '놀이', '선비문화', '전통', '예절', '공동체', '한옥', '한옥마을', '전주한옥마을', '전주시', 'jeonju', '전주연수', '전주교육', '전주체험', '전주문화', '해설', '특강', '강의', '단체', '성인', '청소년']",2.0,0,2026-07-13T01:48:16.000Z,https://www.instagram.com/p/DatxYc6E-Gp/
gangneung,3940351354665683679,Sidecar,"⛱️ 바짓단을 말아올려야 하는 도시 🌊
#강릉 #gangneung 

with @small_string_23

백호랑 반달가슴곰 언제 안 귀여울래 ?
수영복을 가져갈 걸 그랫ㅅ다 !","['강릉', 'gangneung']",26.0,0,2026-07-13T12:41:47.000Z,https://www.instagram.com/p/Dau8K4hE8rf/
gangneung,3940270149064999945,Sidecar,"Gangneung outtakes from June’s article for @natgeotraveluk 🚄

1 - The KTX train connecting Korea’s east coast cities pulls into station
2 - Architecture detail at Ojukheon House, birthplace of the scholar Yi I and his mother Shin Saimdang, both of whom are featured on Korean currency
3 - A couple walks around the grounds of Ojukheon House in Gangneung
4 - A couple explores the immersive art pieces of Hassla Art Museum
5 - Beachgoers stand by the shoreline at Gangneung’s coast
6 - Staff at The Oldtime Chodang Sundubu Restaurant prepare tofu
7 - A couple relaxes at the beach in Gangneung
8 - A passenger reads a map while on the train from Gangneung to Gyeongju
9 - A passenger looks out the window of the KTX while leaving Gangneung
•
•
•
•
•
#seoulphotographer #nationalgeographic #freelancephotographer #editorialphotographer #gangneung","['seoulphotographer', 'nationalgeographic', 'freelancephotographer', 'editorialphotographer', 'gangneung']",-1.0,3,2026-07-13T10:00:01.000Z,https://www.instagram.com/p/DauptL6GEQJ/
gangneung,3940238127508196462,Sidecar,"콩국수 좋아한다면 바로 저장❤️‍🔥❤️‍🔥
제가 직접 먹어본 곳 중 자신있게 추천하는 5곳이에요 !

📍 안목바다식당
강원 강릉시 월대산로 152 1층
⏰ 11:00-20:00 (브레이크타임 15:00-17:00)
✧ 목요일 휴무

📍 미림헌
강원 강릉시 남부로17번길 25
⏰ 11:00-19:00 (일요일만 11:00-15:00 운영)
✧ 연중무휴

📍 동일장칼국수 내곡점
강원 강릉시 범일로 597
⏰ 11:00-19:00 (브레이크타임 15:00-17:00)
✧ 수요일 휴무

📍 모란칼국수
강원 강릉시 하평5길 12 1층
⏰ 11:00-17:00
✧ 일요일 휴무

📍 단오길설렁탕
강원 강릉시 남산초교길11번길 11
⏰ 11:00-20:00 (브레이크타임 15:00-17:00)
✧ 일요일 휴무

최근 날씨가 갑자기 확 더워졌네여,,
시원하고 담백한 콩국수로 더위 뿌셔 !! 👊🏻💥

#강릉맛집 #콩국수맛집 #강릉현지인추천 #gangneung
#강릉콩국수","['강릉맛집', '콩국수맛집', '강릉현지인추천', 'gangneung', '강릉콩국수']",57.0,5,2026-07-13T08:56:49.000Z,https://www.instagram.com/p/DauibNgk4xu/
gangneung,3940122077332177102,Sidecar,"i’m lucky to be loved by you @tws_pledis ˚ʚ♡ɞ˚
TWS's Record of Youth✨ #TWS #247WithUs #gangneung","['TWS', '247WithUs', 'gangneung']",-1.0,3,2026-07-13T05:06:15.000Z,https://www.instagram.com/p/DauICdXDwDO/
gangneung,3940120708245149823,Image,"Près de 200 000 personnes se sont rendues sur les plages de la côte est de la province du Gangwon durant le week-end, alors que la majorité des sites balnéaires de la région ont ouvert pour la saison estivale. Selon les autorités provinciales, 95 064 visiteurs ont été recensés samedi sur 84 plages, Gangneung arrivant en tête avec 41 535 personnes, suivie de Sokcho, Donghae, Yangyang, Goseong et Samcheok. En comptant les 105 481 visiteurs enregistrés dimanche, le total atteint 201 085 personnes sur l'ensemble du week-end. Seule la plage de Mulchi, à Yangyang, reste fermée parmi les 85 plages de la côte est ; son ouverture est prévue le 17 juillet.

#Gangwon #PlageCoree #EtéCoree #Gangneung #VoyageCoree","['Gangwon', 'PlageCoree', 'EtéCoree', 'Gangneung', 'VoyageCoree']",5.0,0,2026-07-13T05:03:39.000Z,https://www.instagram.com/p/DauHuiTHNh_/
gangneung,3940092278329702554,Sidecar,"📍𝙜𝙖𝙣𝙜𝙣𝙚𝙪𝙣𝙜 @edenkk_a 👯‍♀️
𝟚𝟚 𝕕𝕖 𝕛𝕦𝕟𝕙𝕠 𝕕𝕖 𝟚𝟘𝟚𝟞
.
#gangneung #beach #southkorea🇰🇷","['gangneung', 'beach', 'southkorea🇰🇷']",290.0,27,2026-07-13T04:07:03.000Z,https://www.instagram.com/p/DauBQ04Gfia/
gangneung,3940065498453136162,Image,"EXHIBITION ZONE - WAVE CIRCLE

쏟아질 듯 갇혀 있는 초대형 파도

나를 향해 쏟아질 듯 다가오는 초대형 파도를 마주하다.
아나몰픽 기법으로 확장된 생경한 공간 속에서
집어삼킬 듯 다가오되 갇혀 있는 역설적인 파도의 울림을 경험한다.

----------

ENTRAPPED ENORMOUS GUSHING WAVE

Face the enormous wave gushing towards you. Experience the resonant of a paradoxical wave that fiercely gushes to swallow the surrounding yet is trapped inside an unfamiliar space expanded by the anamorphic illusion.

----------

#artemuseum_valley #artemuseum #dstrict","['artemuseum_valley', 'artemuseum', 'dstrict']",9.0,2,2026-07-13T03:13:50.000Z,https://www.instagram.com/p/Dat7LILElMi/
gangneung,3939685567543984970,Image,"✈️I miss you...

#BTS #memories #koreatravel #gangneung #springday","['BTS', 'memories', 'koreatravel', 'gangneung', 'springday']",-1.0,2,2026-07-12T14:39:01.000Z,https://www.instagram.com/p/DaskyZ8MUNK/
gangneung,3939682611916410560,Sidecar,"🩵🤍💙💜
행복한 하루 
#강릉
#gangneung","['강릉', 'gangneung']",-1.0,3,2026-07-12T14:33:06.000Z,https://www.instagram.com/p/DaskHZTD47A/
gangneung,3939589258507791282,Image,"Beloved #jeongdongjin 
It’s never enough of #gangneung","['jeongdongjin', 'gangneung']",1.0,1,2026-07-12T11:28:35.000Z,https://www.instagram.com/p/DasO47KTSuy/
gyeongjutrip,3940332667380401792,Sidecar,"최근 경주에 새로 생긴 공간부터 더 예쁘게 돌아온 곳들 다녀온 곳들로 모아 봤습니다. 
저장 공유하시고 경주 여행에 조금이나마 도움되시길 바라요!🤍

#경주 #경주카페 #경주신상카페#경주여행 #경주신상카페추천 

아차차
차가 낯선 분들도 가볍게 즐길 수 있는 티카페! 리뉴얼 후 훨씬 더 예쁘고 감성 가득한 공간으로 돌아왔어요.🍸✨

#아차차 #경주티카페 #티카페 #경주찻집 

무드밋
황오동에 가장 최근에 생긴 신상카페.
잔을 얼려서 주는 시그니처 ’무드밋라떼‘와 상큼한 소르베는 필수 주문!🍧 

#무드밋 #황오동카페 #황오동 

다향한빙수집 
경주에서 만나는 일본 감성 빙수 맛집.🍧
1인 빙수도 준비되어 있어서 부담 없이 다양한 맛을 골라 즐기기 좋아요.

#다향한빙수집 #금리단길카페 #경주빙수맛집 #토마토빙수 

이어커피 
(구) 릿카페가 황성동으로 이전! 
전보다 다양해진 디저트 라인업을 만나보세요.

#이어커피 #황성동카페 #경주신상카페 

후 (소품샵)🕯️
황오동에 새로 오픈한 아기자기한 양초 공방. 
작지만 깔끔한 공간에 예쁜 티코스터가 자꾸 눈에 아른거리는••🤍

#후 #경주소품샵","['경주', '경주카페', '경주신상카페', '경주여행', '경주신상카페추천', '아차차', '경주티카페', '티카페', '경주찻집', '무드밋', '황오동카페', '황오동', '다향한빙수집', '금리단길카페', '경주빙수맛집', '토마토빙수', '이어커피', '황성동카페', '후', '경주소품샵']",-1.0,10,2026-07-13T12:04:39.000Z,https://www.instagram.com/p/Dau368oE4aA/
gyeongjutrip,3940169946296180635,Image,"오제 플리마켓 D-5

🗓️7/18 (토) - 7/19 (일)
⏰11:00 - 21:00

찾기 정말 쉬운 위치!

📍황리단길 세븐일레븐 앞
(첨성대 · 대릉원 · 주차장 도보 이동 가능)

여행도 하고
예쁜 여름 옷도 득템하고
오제도 만나러 오세요💗

곧 만나요
경주에서 기다리고 있겠습니다!🫶🏻

#오제플리마켓 #오제 #osez #경주플리마켓 #황리단길플리마켓","['오제플리마켓', '오제', 'osez', '경주플리마켓', '황리단길플리마켓']",4.0,4,2026-07-13T06:44:03.000Z,https://www.instagram.com/p/DauS7Czp1-b/
gyeongjutrip,3940147025354659287,Sidecar,"한옥에서의 하루가 조금 더 편안하고 특별해졌습니다.
오원스테이가 머무는 즐거움을 더하기 위해 공간을 새롭게 단장했어요. 가야금 체험과 전통의 멋을 가까이에서 느낄 수 있도록 전용 진열장을 마련했고, 침실에는 문을 설치해 더욱 아늑하고 독립적인 공간으로 완성했습니다.
여유롭게 차를 마시며 대화를 나눌 수 있도록 다도 공간도 한층 넓어졌어요. 전통의 아름다움은 그대로 간직하면서 더 편안하게 머물 수 있도록 달라진 오원스테이에서 특별한 한옥의 하루를 만나보세요.

A stay in a traditional Korean house has 
become even more comfortable and special.

Owon Stay has been thoughtfully renovated 
to offer a richer and more relaxing experience. 
A dedicated display has been added for the gayageum experience and traditional decorative objects, while a new door now creates a more 
private and cozy bedroom.

The tea ceremony area has also been expanded, providing more space to enjoy tea and meaningful conversations. Discover a renewed stay at Owon Stay, where traditional beauty meets modern comfort.

#오원스테이 #경주숙소 #황리단길숙소 #gyeongju #gyeongjutrip","['오원스테이', '경주숙소', '황리단길숙소', 'gyeongju', 'gyeongjutrip']",15.0,0,2026-07-13T05:55:49.000Z,https://www.instagram.com/p/DauNtgBE5XX/
gyeongjutrip,3939598046145168806,Image,"🍗 여름맞이 삼계솥밥 🍗
작년부터 연구해 온 드디어 올해 나왔숨돠 -!
얼마나 몸에도 좋을 지 감도 안 옴😆❤️‍🔥❤️‍🔥❤️‍🔥❤️‍🔥❤️‍🔥

⠀
⠀
((우물집 경주))
​
⠀
🕙매일 11:00 ~ 21:00
• Break Time 15:00 ~ 17:00
• Last Order 14:00 / 20:00
🏷️ 경주시 포석로 1061-22
⠀ ((1061-22, Poseok-ro, Gyeongju-si, Gyeongsangbuk-do, Republic of Korea))
⠀
​
🍲 대표메뉴 🍲
한우차돌박이매콤토마토 • 맛간장 • 맑은전골
고사리영양표고솥밥 •곤드레바질솥밥 •새송이파프리카솥밥 • 불고기솥밥 •전복매생이솥밥
한우차돌박이야채삼합 • 우삼겹튀김
​
​",[],11.0,2,2026-07-12T11:48:46.000Z,https://www.instagram.com/p/DasQ4zSTkWm/
gyeongjutrip,3938962636792920980,Sidecar,"여름날의 대릉원

대릉원 곳곳에 배롱나무도 피어나는 중

✔️ 대릉원
• 경북 경주시 황남동 31-1

#경주 #경주여행 #경주가볼만한곳 #경주데이트 #국내여행","['경주', '경주여행', '경주가볼만한곳', '경주데이트', '국내여행']",-1.0,5,2026-07-11T14:42:39.000Z,https://www.instagram.com/p/DaqAaYNk_uU/
gyeongjutrip,3938660560686524453,Sidecar,"오랜만에 셀카까지 경주 내사진 왕창📸
여행 다녀오고 한달뒤 업로드 국룰아니냐구🤭
사진 제목 내 어깨를 봐💪🏻",[],170.0,12,2026-07-11T04:42:28.000Z,https://www.instagram.com/p/Dao7ul6j6gl/
gyeongjutrip,3938543551533786568,Sidecar,"현시점 경주 그리고 황오동 최고의 핫플! #무드밋 #moodmeet 

@moodmeet_ 최근 간 경주신상카페 중 가장 마음에 들었던 무드밋(신상카페 여기만 감 ㅋㅋ) 여기랑 리뉴얼된 아차차 보고 경주로 달려갔다구 해도 과언이 아니예요✨ 신상카페 지만 오픈런 안하고 오후 느즈막히 갔는데 꾸준히 사람이 들던곳😃 각 장 캡션 확인해주세요✨

•휴무와 영업시간 재확인 필수 / 좋아요저장공유🤍
ⓒ kyoung.eee all rights reserved.

밝은 원목에 길다란 공간이 너무너무 편안하고 좋았던! 입장했을때 만석이었는데 딱 하나 입구 삼각테이블 자리가 나서 바로 주문할 수 있었어요. (더 머물수 있었을텐데도 양보해주신 손님 감사합니다ㅠㅠ🤍) 주문할 수 있게 되자마자 디저트 품절 여부부터 여쭤본 나 ㅋㅋㅋ 뭘 골랐을까요?

이 방향에서 찍어도 예쁘고 저방향에서 찍어도 예쁘고 ㅜㅜ 😃❤️ 버건디 색감의 천장 색감과 밝은 원목, 식물의 조합이 고급미 그 자체다..

영하 86도로 꽝꽝 얼린 잔에 나오는 저지방우유 + 수제시럽 + 에스프레소가 어우러진 시그니처 무드밋라떼와 자두에이드 그리고 제일 궁금했던 과일소르베 선택! 지금은 자두맛!이랍니다🍒

필터커피 내리는 공간도 너무 예쁘지않나요..💛

빛깔도 너무 곱고 부드럽게 퍼올려지는게 입안을 시원하게 만들어주는데 자두 원물 맛이 많이 나서 좋더라구요! 달달하이 돌아다니며 흘렸던 땀씻어내려주는 맛! 예쁘고 맛있는 거 최고! ㅠㅠ❤️ 시원한게 먹고싶은데 양이 너무 많은 빙수는 (물론 1인 빙수도 많이 판매하시지만요) 부담스럽다 하시면 무드밋에서 요 소르베를 드셔보세요!

우리가 앉은 자리에서 본 뷰 ㅋㅋㅋ💛 깔끔하고 반듯한게 너무 예쁘다!

여기 오후에 가니 완전 햇살 맛집이던데요? 블라인드는 선택이 아니라 필수였어요 😝근데 이렇게 간접광이 들어오니 또 너무 예쁘고 먹음직스러운 것..✨

오후 늦은 시간이라 커피를 두개 시키긴 부담스러울 거 같아 선택해본 자두에이드는 자두의 새콤달콤함과 탄산의 조합이 좋았고요? 섞으면 빨갛게 물드는 색감도 짱예쁨! 가장 궁금했던 무드밋라떼는 저온화상 걱정 뚝 ㅋㅋㅋ 사진 조금 찍다보면 금세 손으로 잡을수 있도록 녹는답니다! 개인적으로는 고급스러운 조리퐁 맛이었어요! (맛 내려치기 아니고 대중적인 표현을 위한 것임) 은은하면서도 달콤한 맛이 너무 좋던데요?💛 또 생각난다!

여기 사장님이 예전에 황리단길쪽에서 카페를 하셨다던데.. 내가 가고싶었던 카페였는데 어디지? 기억안남 여튼 이렇게 더 멋진 공간으로 사람들과 만나게 된 거 넘 감사합니다🤍

궁금했던 소파석.. 화장실 다녀오면서 이렇게나마 찍어봤어요 창문 열려있을 선선할 때 갔으면 또 다르게 찍을 수 있었을 거 같은데! 이 날도 여름의 열기가 후끈 느껴지는 날씨여서 내부가 시원한게 넘 좋았답니다ㅠㅠ🤍

테이블은 5-6개 정도였던 거 같구 소파석은 포인트가 되지만 일단 뭔가를 먹기엔 높은테이블이 좋다보니 살짝 대기석으로 사용되기도 하는 것 같더라구요 (주문해놓고 먹고있다가 자리나면 옮기는 방식! 무작정 대기하는 좌석x)

황오동은 핫플많은 황남동이랑 또 다르게 서정적인 느낌인데다,  차분하면서도 잘하는 곳들이 많은데.. 신상들도 또 그런 곳들만 생기는 거 같아 너무 좋은 걸요?

히히 내 사진도 야무지게 남겨주고! 다음에 또가고싶은 곳으로 찜💛 경주여행 계획 중이시라면 리그램 탭에 저장해둔 경주모음집도 참고해주시고 무드밋은 필수로 넣어서 다녀오세요✨ 그럼 즐주말!😘","['무드밋', 'moodmeet']",303.0,12,2026-07-11T00:50:00.000Z,https://www.instagram.com/p/DaohH4pk6XI/
gyeongjutrip,3938213402330204739,Sidecar,"#실시간 경주 배롱나무 맛집..🩷🌿🐈(저장•공유)

26.7.10 방문

멀리서도 한눈에 띈 배롱나무✨
지금 쨍하니 이쁘게 피었어요!

날씨가 너~무 더웠지만 
그 만큼 사진은 또 이쁘게 나오는,,🥹

좋아하는 뭉게구름까지 가득했던 하늘🩵

여름이 좋은 이유..☀️

📍경주 프롬상록 카페
▫️경북 경주시 포석로1068번길 17-5 

✔️이번주 경주 여행시 들러보세요 :)

.
.

#경주 #경주카페 #배롱나무 #gyeongju","['실시간', '경주', '경주카페', '배롱나무', 'gyeongju']",-1.0,38,2026-07-10T13:54:03.000Z,https://www.instagram.com/p/DanWDlPkwpD/
gyeongjutrip,3937664751849601908,Sidecar,"A quiet classroom, a fading breeze, and a heart full of memories. Moments that only grow fonder with time.

#gyeongju #gyeongjutrip #classroom #highteen #koreastyle","['gyeongju', 'gyeongjutrip', 'classroom', 'highteen', 'koreastyle']",2.0,0,2026-07-09T19:43:59.000Z,https://www.instagram.com/p/DalZTqqknt0/
gyeongjutrip,3937418963412315987,Sidecar,"오픈한 지는 좀 됐지만 이제서야 가본 국립경주박물관 월지관.
나 왜 이제 간 거지••🖤
푸른 통창 너머로 보이는 한옥 기와 뷰가 진짜 너무 아름답지 않나요𓂃 𓈒 𓏸 ♡₊
앉아 쉬면서 가만히 바라만 봐도 너무 좋더라고요. 
이렇게 아름다운 공간을 무료로 관람할 수 있다니 정말 감사할 따름이고요? 경주 박물관 가신다면 월지관도 꼭 들러보시길 바라요🤍

#국립경주박물관 #경주국립박물관 #경주 #경주여행 #gyeongjutrip","['국립경주박물관', '경주국립박물관', '경주', '경주여행', 'gyeongjutrip']",-1.0,22,2026-07-09T11:35:39.000Z,https://www.instagram.com/p/Dakha-WE-9T/
koreasurfing,3929940148981296331,Sidecar,"6월 27일 다대포 일출 서핑☀️🏄‍♂️

파도가 급 사라져서 빠른 철수를 했네요😂

영상은 퇴근후에 구글포토에 올리겠습니다🙇🏽‍♂️

#surf#koreasurfing#다대포서핑#갈매기파이터","['surf', 'koreasurfing', '다대포서핑', '갈매기파이터']",294.0,19,2026-06-29T03:56:34.000Z,https://www.instagram.com/p/DaJ875ok2zL/
koreasurfing,3922920921988582043,Sidecar,"🇰🇷🌊🏄‍♀️
PELLIOTKOREA is proud to be the official outdoor partner of Wavelet.

From the extreme conditions of the Himalayas at 8,000 meters above sea level to the dynamic environment of ocean sports, our journey is connected by one thing: understanding nature.

Weather is more than just information.
It is a critical factor that shapes every adventure, challenge, and exploration.

With the Wavelet app, you can access real-time data on waves, wind, and ocean conditions across Korea’s beaches, along with live camera feeds that bring the coastline directly to your screen.

Join us on June 19–20 at Songjeong Beach, Busan, 
for the 19th Busan Mayor’s Cup International Surfing & SUP Competition.

Throughout the event, stay connected to the action through the Wavelet Live Cam and experience the atmosphere of Korea’s premier surfing competition in real time.

Those who read the weather in the mountains and those who read the waves of the sea share the same spirit.

We are explorers.

PELLIOT × WAVELET

#PELLIOT #Wavelet #OutdoorPartner #koreabeach #koreasurfing","['PELLIOT', 'Wavelet', 'OutdoorPartner', 'koreabeach', 'koreasurfing']",10.0,1,2026-06-19T11:30:37.000Z,https://www.instagram.com/p/DZxA8tFE8qb/
koreasurfing,3906728211359321101,Sidecar,".
メローはこれからますます世界中に店舗を作っていきます🌏
@yangyangsurfside 
.
.
それは金儲けとかそんな小さな視野で動いてないんだ🤪
損しなきゃいいし細かい人とは組みたくない
.
AIとかも凄いしこれからうちも活用していくつもりだけど、
基本は人の繋がり、つまりアナログなんだ。
.
俺はただシンプルにみんながHAPPYになればいいと思ってるだけ。
そこまでお金には困っていないから😎
.
.
メローに興味を持ってくれた方々に適切な価格でとにかく楽しく個性的に着てほしいだけ。
.
.
お問い合わせも毎日毎日たくさんいただき感謝なんですが
会った事がない方とは基本的に何もできないかな。
.
.
俺は結構人を見てるし1番大切なことだと思う。
今のメローに関わってくれてる方々は信頼できるし
ずっと付き合っていきたいと思える仲間達🧡
.
.

.
#mellowwetsuits 
#koreasurfing 
#yangyang
#tomodachi
#朋友","['mellowwetsuits', 'koreasurfing', 'yangyang', 'tomodachi', '朋友']",96.0,2,2026-05-28T03:18:36.000Z,https://www.instagram.com/p/DY3fJwIEcwN/
koreasurfing,3883898731456871775,Sidecar,"WAVEPARK
26년 Frist wave🌊

서퍼들의 웃음소리와
@harleyingleby 라이딩도 감상하고
즐거운 시간이었습니다!

@wavepark__ 초대 해주셔 감사합니다 :) 
With @kasa_kor 

🔗아무 댓글을 남겨주시면 사진을 받을수 있는 
링크를 DM으로 보내드려요🫡",[],233.0,37,2026-04-26T15:20:30.000Z,https://www.instagram.com/p/DXmYVGIE71f/
koreasurfing,3806829684173482558,Sidecar,"2026 1월 10일 첫 중문파도!!

@woorihh 🙏🏻❤️🩵

#서핑#surfing #koreasurfing #jeju","['서핑', 'surfing', 'koreasurfing', 'jeju']",141.0,4,2026-01-10T07:18:03.000Z,https://www.instagram.com/p/DTUk22lkqo-/
koreasurfing,3776922162121879532,Sidecar,"11월29일 포항 신항만 (10)

좋은파도🌊 경상도 서퍼분들🏄‍♂️ 
찍을수 있어서 영광이였어요😁
아 물회는 못먹었네요🥲
게시물 올리고 링크 올리겠습니다🙇🏽‍♂️

#서핑#포항서핑#경상도서퍼#파도미쳤#갈매기파이터
#surf#surfing#koreasurfing","['서핑', '포항서핑', '경상도서퍼', '파도미쳤', '갈매기파이터', 'surf', 'surfing', 'koreasurfing']",97.0,1,2025-11-30T00:57:09.000Z,https://www.instagram.com/p/DRqUrIJky_s/
koreasurfing,3776920404163262162,Sidecar,"11월29일 포항 신항만 (9)

좋은파도🌊 경상도 서퍼분들🏄‍♂️ 
찍을수 있어서 영광이였어요😁
아 물회는 못먹었네요🥲
게시물 올리고 링크 올리겠습니다🙇🏽‍♂️

#서핑#포항서핑#경상도서퍼#파도미쳤#갈매기파이터
#surf#surfing#koreasurfing","['서핑', '포항서핑', '경상도서퍼', '파도미쳤', '갈매기파이터', 'surf', 'surfing', 'koreasurfing']",109.0,2,2025-11-30T00:53:39.000Z,https://www.instagram.com/p/DRqURi7E3bS/
koreasurfing,3776918915286034386,Sidecar,"11월29일 포항 신항만 (8)

좋은파도🌊 경상도 서퍼분들🏄‍♂️ 
찍을수 있어서 영광이였어요😁
아 물회는 못먹었네요🥲
게시물 올리고 링크 올리겠습니다🙇🏽‍♂️

#서핑#포항서핑#경상도서퍼#파도미쳤#갈매기파이터
#surf#surfing#koreasurfing","['서핑', '포항서핑', '경상도서퍼', '파도미쳤', '갈매기파이터', 'surf', 'surfing', 'koreasurfing']",65.0,5,2025-11-30T00:50:42.000Z,https://www.instagram.com/p/DRqT74TE-fS/
koreasurfing,3776917623675227062,Sidecar,"11월29일 포항 신항만 (7)

좋은파도🌊 경상도 서퍼분들🏄‍♂️ 
찍을수 있어서 영광이였어요😁
아 물회는 못먹었네요🥲
게시물 올리고 링크 올리겠습니다🙇🏽‍♂️

#서핑#포항서핑#경상도서퍼#파도미쳤#갈매기파이터
#surf#surfing#koreasurfing","['서핑', '포항서핑', '경상도서퍼', '파도미쳤', '갈매기파이터', 'surf', 'surfing', 'koreasurfing']",112.0,3,2025-11-30T00:48:08.000Z,https://www.instagram.com/p/DRqTpFZEwu2/
koreasurfing,3776916693236002220,Sidecar,"11월29일 포항 신항만 (6)

좋은파도🌊 경상도 서퍼분들🏄‍♂️ 
찍을수 있어서 영광이였어요😁
아 물회는 못먹었네요🥲
게시물 올리고 링크 올리겠습니다🙇🏽‍♂️

#서핑#포항서핑#경상도서퍼#파도미쳤#갈매기파이터
#surf#surfing#koreasurfing","['서핑', '포항서핑', '경상도서퍼', '파도미쳤', '갈매기파이터', 'surf', 'surfing', 'koreasurfing']",76.0,3,2025-11-30T00:46:17.000Z,https://www.instagram.com/p/DRqTbi2ky2s/
